Table S6 Cluster-enriched genes of the identified 7 clusters with bc-Smart-seq2 single-cell RNA sequencing.;;;;;;;
gene;p-value;avg_logFC;pct.1;pct.2;adjusted p-value;cluster;
HNRNPH1;2,17421E-35;0,359175562;0,944;0,931;3,87422E-31;0;
CALR;1,12892E-26;0,405107846;0,664;0,602;2,01162E-22;0;
AXL;4,3083E-24;0,477421907;0,584;0,503;7,67695E-20;0;
FGD2;4,54273E-24;0,418474869;0,696;0,642;8,09469E-20;0;
CYBB;6,26626E-24;0,331217841;0,914;0,892;1,11658E-19;0;
SRGAP2;2,68569E-14;0,25118433;0,831;0,81;4,78563E-10;0;
C6orf62;4,44674E-14;0,387359099;0,623;0,588;7,92365E-10;0;
ACTB;1,2658E-13;0,269053456;0,904;0,89;2,25553E-09;0;
SRGAP2C;1,09987E-12;0,273229694;0,78;0,766;1,95986E-08;0;
SRSF6;5,28792E-12;0,341083939;0,762;0,733;9,42254E-08;0;
SRGAP2B;7,11294E-12;0,268356479;0,791;0,777;1,26745E-07;0;
SRSF3;4,39332E-11;0,360201287;0,551;0,504;7,82846E-07;0;
DHRS3;1,44411E-09;0,408263849;0,36;0,319;2,57327E-05;0;
RNA5SP151;3,69822E-09;0,417360563;0,275;0,24;6,58986E-05;0;
GREM1;5,12877E-09;0,345511347;0,622;0,709;9,13895E-05;0;
SERPINB9;1,11159E-08;0,327074598;0,708;0,694;0,000198074;0;
TMEM33;5,5537E-08;0,397925505;0,265;0,224;0,000989614;0;
PAN3;8,46443E-08;0,36415889;0,236;0,186;0,001508277;0;
RIN2;8,53036E-08;0,291543617;0,562;0,526;0,001520026;0;
CHP1;1,11287E-07;0,31991013;0,312;0,281;0,001983016;0;
CDC42;1,25317E-07;0,282041495;0,518;0,472;0,002233025;0;
CTNNB1;1,3656E-07;0,252490089;0,755;0,731;0,002433363;0;
TSPYL1;1,47353E-07;0,400508442;0,278;0,234;0,002625686;0;
CLEC7A;2,42638E-07;0,33435443;0,573;0,545;0,004323573;0;
ETNK1;3,07193E-07;0,306531468;0,334;0,295;0,005473863;0;
RAP2B;5,08762E-07;0,386742695;0,293;0,265;0,009065633;0;
MDM4;1,51078E-06;0,323134354;0,418;0,4;0,026920515;0;
RBM6;2,92066E-06;0,30271783;0,626;0,624;0,052043238;0;
COLGALT1;3,07588E-06;0,358290286;0,331;0,299;0,054809048;0;
MARCH6;3,74252E-06;0,328035;0,293;0,257;0,066688004;0;
FLCN;3,95593E-06;0,300513713;0,411;0,374;0,070490653;0;
ITGAX;5,26543E-06;0,31138149;0,701;0,698;0,093824699;0;
ARPC4;5,87205E-06;0,29922916;0,445;0,411;0,104634001;0;
SMU1;7,99116E-06;0,362340198;0,253;0,234;0,142394536;0;
PAQR7;1,18212E-05;0,340069888;0,201;0,169;0,210642839;0;
PSMA3-AS1;2,39803E-05;0,288020684;0,343;0,322;0,427304088;0;
WTAP;2,40162E-05;0,314510459;0,503;0,472;0,427945189;0;
TMED2;2,49642E-05;0,309556723;0,372;0,354;0,44483649;0;
DNAJC3;3,43885E-05;0,321249493;0,37;0,332;0,612769344;0;
EGR1;6,21785E-05;0,401277112;0,222;0,211;1;0;
PPP1CB;7,26387E-05;0,30808526;0,566;0,546;1;0;
B4GALT1;8,14852E-05;0,285409691;0,556;0,545;1;0;
TLE3;8,84096E-05;0,266331025;0,206;0,179;1;0;
APOBEC3C;9,33914E-05;0,294948069;0,266;0,244;1;0;
ARF6;0,000116017;0,322672061;0,287;0,274;1;0;
RETREG2;0,000119321;0,385654322;0,123;0,107;1;0;
PRPF39;0,000152164;0,303848382;0,318;0,291;1;0;
TOB1;0,000200468;0,310452695;0,14;0,121;1;0;
C16orf54;0,000258693;0,375120762;0,128;0,107;1;0;
STT3A;0,000314695;0,312855964;0,293;0,276;1;0;
CTBP1;0,000367784;0,265213559;0,346;0,328;1;0;
EIF2S3;0,000376119;0,269368749;0,437;0,423;1;0;
SET;0,000430827;0,278624888;0,605;0,593;1;0;
SLC39A11;0,000444409;0,281359689;0,105;0,08;1;0;
TMED4;0,000457372;0,337468156;0,347;0,318;1;0;
ANKRD10;0,000577094;0,31345531;0,363;0,356;1;0;
SENP5;0,000817938;0,329082877;0,175;0,16;1;0;
R3HDM2;0,000939072;0,325997474;0,302;0,276;1;0;
TOR1AIP2;0,00100941;0,340686317;0,26;0,246;1;0;
PSMG3;0,001052572;0,284940106;0,126;0,107;1;0;
CCNDBP1;0,001113564;0,360689482;0,156;0,148;1;0;
C21orf33;0,001261982;0,310791688;0,159;0,138;1;0;
SLC35F6;0,001331796;0,397021065;0,155;0,137;1;0;
PPP3CA;0,001553689;0,260678674;0,444;0,434;1;0;
CNOT9;0,00159742;0,352277197;0,192;0,169;1;0;
TRIM13;0,001628877;0,394934511;0,148;0,137;1;0;
C2orf68;0,00166904;0,33751743;0,262;0,245;1;0;
WNT5A;0,002681209;0,32874921;0,183;0,166;1;0;
MARCH2;0,002733382;0,320318457;0,28;0,266;1;0;
PSMB4;0,002849926;0,327040267;0,217;0,207;1;0;
STRN3;0,003245619;0,271325183;0,155;0,136;1;0;
AAED1;0,003688767;0,256537093;0,209;0,19;1;0;
CACUL1;0,007630647;0,255394516;0,157;0,145;1;0;
CDC42SE2;0,008852363;0,250392117;0,202;0,193;1;0;
FP671120.4;0;1,985323339;0,987;0,538;0;1;
FP236383.3;0;1,981198392;0,989;0,546;0;1;
FP236383.2;0;1,980789467;0,988;0,542;0;1;
FP671120.3;0;1,977675239;0,988;0,537;0;1;
ZNF302;8,59371E-62;0,524222639;0,676;0,582;1,53131E-57;1;
COL6A3;7,86549E-57;0,251202754;0,83;0,758;1,40155E-52;1;
HSP90AA2P;8,74526E-34;0,623703857;0,347;0,259;1,55832E-29;1;
HSP90AA1;7,87694E-30;0,496410445;0,651;0,571;1,40359E-25;1;
NEAT1;1,598E-28;0,272685024;0,815;0,745;2,84747E-24;1;
MTRNR2L12;8,20738E-24;0,297955784;0,817;0,769;1,46247E-19;1;
GDF5OS;6,08789E-22;0,416636113;0,257;0,203;1,0848E-17;1;
MIS18BP1;2,00021E-16;0,595906274;0,185;0,136;3,56417E-12;1;
DNAJB1;2,21272E-16;0,489904394;0,136;0,084;3,94284E-12;1;
PNISR;1,26155E-15;0,390525587;0,396;0,351;2,24795E-11;1;
ANKRD11;2,78285E-13;0,49503764;0,149;0,11;4,95876E-09;1;
HSPA1A;5,49116E-13;0,316086426;0,349;0,293;9,78471E-09;1;
CCDC88A;7,63595E-13;0,497258392;0,244;0,202;1,36065E-08;1;
NPIPB11;2,84375E-12;0,318502627;0,181;0,14;5,06728E-08;1;
KIAA1109;3,02556E-12;0,630481604;0,133;0,1;5,39124E-08;1;
MTRNR2L8;4,91118E-12;0,265095222;0,666;0,626;8,75123E-08;1;
HSP90AB1;5,10447E-12;0,251447808;0,412;0,356;9,09566E-08;1;
ITPR2;5,44825E-12;0,39183238;0,297;0,25;9,70824E-08;1;
BOD1L1;8,33517E-12;0,510151287;0,249;0,212;1,48524E-07;1;
NPIPB3;1,47696E-11;0,349704473;0,2;0,159;2,6318E-07;1;
NPIPB13;4,7151E-11;0,320661831;0,201;0,16;8,40183E-07;1;
HSP90AA6P;5,05024E-11;0,30528852;0,184;0,153;8,99901E-07;1;
PRRC2C;5,73582E-11;0,339570043;0,325;0,288;1,02207E-06;1;
NPIPB4;8,41294E-11;0,330151257;0,215;0,174;1,4991E-06;1;
ITSN2;1,43752E-10;0,440997292;0,169;0,127;2,56151E-06;1;
PRPF38B;1,45608E-10;0,411234243;0,241;0,194;2,59459E-06;1;
NPIPB12;1,47059E-10;0,355696243;0,198;0,162;2,62044E-06;1;
NPIPB5;2,68788E-10;0,334256531;0,239;0,198;4,78953E-06;1;
ZNF638;4,63678E-10;0,430972429;0,146;0,107;8,26228E-06;1;
LPAR6;1,07737E-09;0,26359827;0,363;0,32;1,91976E-05;1;
GOLGB1;1,54753E-09;0,516856236;0,169;0,133;2,75754E-05;1;
ROCK1;2,66315E-09;0,399953512;0,151;0,116;4,74547E-05;1;
ZNF292;2,98247E-09;0,30304666;0,184;0,141;5,31446E-05;1;
ZC3H13;3,61606E-09;0,479057426;0,113;0,088;6,44345E-05;1;
NFIC;1,03546E-08;0,320574088;0,118;0,085;0,000184509;1;
BPTF;6,25443E-08;0,362834089;0,146;0,114;0,001114477;1;
MACF1;7,27156E-08;0,420290183;0,203;0,178;0,001295719;1;
PRPF4B;7,57114E-08;0,359636112;0,175;0,143;0,001349101;1;
ATRX;1,14204E-07;0,490867173;0,228;0,197;0,002034995;1;
GIMAP4;1,26205E-07;0,328139844;0,117;0,089;0,002248848;1;
VPS13C;1,71247E-07;0,295597549;0,282;0,248;0,003051457;1;
AKAP9;1,8663E-07;0,336666483;0,225;0,191;0,003325567;1;
SKI;2,44382E-07;0,321038449;0,175;0,147;0,004354642;1;
ZNF106;2,83428E-07;0,26236341;0,152;0,126;0,005050409;1;
EIF3A;3,22052E-07;0,520514416;0,13;0,11;0,00573864;1;
CNTRL;8,00169E-07;0,385598367;0,166;0,137;0,014258216;1;
AC122718.1;8,19514E-07;0,309331283;0,124;0,094;0,014602912;1;
CCDC144B;1,21127E-06;0,38622503;0,115;0,089;0,021583584;1;
CEP350;1,2186E-06;0,297205891;0,174;0,141;0,021714161;1;
JMJD1C;2,58288E-06;0,261449915;0,168;0,136;0,046024258;1;
MAP4K4;2,96237E-06;0,252538494;0,115;0,083;0,052786456;1;
SETX;3,3097E-06;0,294417199;0,162;0,137;0,058975602;1;
ASH1L;3,47522E-06;0,288644722;0,116;0,088;0,061924998;1;
SRRM2;3,57391E-06;0,286689378;0,235;0,209;0,06368348;1;
BAZ2B;4,41835E-06;0,441012634;0,293;0,289;0,078730627;1;
GCC2;5,84006E-06;0,346329779;0,151;0,119;0,104064045;1;
MBNL1;7,94119E-06;0,27821512;0,185;0,151;0,141504047;1;
TRA2B;9,42248E-06;0,336560237;0,146;0,129;0,167899212;1;
DENND3;9,92401E-06;0,268839527;0,171;0,151;0,17683595;1;
SRSF11;1,67741E-05;0,305901467;0,214;0,181;0,29889728;1;
SCAF11;5,82281E-05;0,288342469;0,247;0,223;1;1;
ELF2;6,68009E-05;0,302330311;0,116;0,098;1;1;
TPR;6,83667E-05;0,36980249;0,114;0,097;1;1;
IRF2BP2;9,6396E-05;0,258190725;0,149;0,124;1;1;
PKN2;0,000173974;0,318256803;0,122;0,103;1;1;
RSRC2;0,000514068;0,28199072;0,13;0,112;1;1;
RBM25;0,000570116;0,288833657;0,28;0,272;1;1;
ARID4B;0,000690232;0,250778139;0,121;0,103;1;1;
ZCCHC11;0,000725233;0,252696637;0,123;0,102;1;1;
MYCBP2;0,000762969;0,282951663;0,143;0,132;1;1;
RBM5;0,001054161;0,298197888;0,14;0,129;1;1;
BIRC6;0,002921511;0,328167022;0,138;0,125;1;1;
SAFB2;0,003706554;0,250358762;0,114;0,103;1;1;
ATP8B4;0,004673483;0,261216285;0,116;0,11;1;1;
UBXN4;0,005485435;0,267831097;0,128;0,115;1;1;
ZFC3H1;0,009854094;0,299755033;0,124;0,117;1;1;
RPL3;0;3,136887602;0,998;0,2;0;2;
RPL3P4;0;2,968699795;0,993;0,134;0;2;
RPL3P2;0;1,248859577;0,73;0,031;0;2;
RPL3P7;8,3328E-165;0,258020016;0,223;0,009;1,4848E-160;2;
FTH1P10;6,21742E-56;0,41755254;0,636;0,401;1,10788E-51;2;
FTH1P20;5,20144E-53;0,436217324;0,557;0,332;9,26844E-49;2;
FTLP3;4,0719E-49;0,32847258;0,697;0,445;7,25572E-45;2;
FTH1P2;6,02494E-49;0,395730228;0,572;0,338;1,07358E-44;2;
FTH1P8;1,82999E-47;0,4015338;0,523;0,299;3,26086E-43;2;
FTH1P5;3,15698E-46;0,402284784;0,501;0,284;5,62542E-42;2;
FTL;7,55029E-46;0,254623385;0,929;0,832;1,34539E-41;2;
FTH1P7;2,53328E-45;0,407250517;0,498;0,287;4,51405E-41;2;
FTH1P3;7,35424E-44;0,376896161;0,5;0,29;1,31045E-39;2;
PFN1;2,66264E-40;0,477964144;0,513;0,324;4,74455E-36;2;
TMSB10;6,81253E-39;0,463721254;0,54;0,349;1,21392E-34;2;
FTH1P23;8,93234E-39;0,299931113;0,441;0,237;1,59165E-34;2;
RPL18A;1,35438E-37;0,413033702;0,49;0,301;2,41337E-33;2;
RPL18AP3;8,14774E-36;0,380611606;0,44;0,261;1,45185E-31;2;
RPS14;2,51376E-34;0,401201416;0,564;0,376;4,47927E-30;2;
RPS2;8,7017E-34;0,49997825;0,431;0,257;1,55056E-29;2;
AIF1;1,79499E-33;0,317720439;0,67;0,517;3,19849E-29;2;
AC079250.1;3,65401E-32;0,33970002;0,409;0,237;6,51108E-28;2;
RPS2P46;1,25624E-30;0,416031786;0,359;0,203;2,23849E-26;2;
RPS2P7;1,15457E-27;0,369132356;0,33;0,184;2,05732E-23;2;
RPS2P5;1,79331E-27;0,399552475;0,318;0,169;3,19551E-23;2;
GLUL;1,05056E-26;0,416999038;0,388;0,242;1,87199E-22;2;
RPS2P55;1,39891E-26;0,329738414;0,319;0,175;2,49273E-22;2;
CFL1;7,07355E-26;0,332580056;0,451;0,282;1,26044E-21;2;
S100A11;5,35286E-25;0,297531551;0,468;0,311;9,53826E-21;2;
RPS6;4,53244E-24;0,293908514;0,537;0,369;8,07636E-20;2;
AL355802.1;7,46105E-24;0,259997345;0,28;0,144;1,32948E-19;2;
ALDOA;1,11034E-23;0,438593115;0,286;0,162;1,97851E-19;2;
SRGN;2,85696E-21;0,343981115;0,44;0,299;5,09082E-17;2;
MYL6;3,3124E-21;0,438794703;0,402;0,254;5,90237E-17;2;
HLA-DPB1;2,5968E-20;0,382784936;0,369;0,229;4,62724E-16;2;
RPL13;5,62129E-20;0,321064421;0,481;0,347;1,00166E-15;2;
RPS3;5,89306E-20;0,382949073;0,333;0,213;1,05009E-15;2;
RPL19;1,1122E-19;0,374662192;0,385;0,254;1,98183E-15;2;
RPLP1;2,49791E-19;0,274380768;0,529;0,387;4,45102E-15;2;
RPS18;9,65941E-19;0,28243579;0,426;0,287;1,72121E-14;2;
IFITM3;3,24257E-18;0,421005064;0,277;0,172;5,77794E-14;2;
NAMPT;5,73461E-18;0,401998726;0,224;0,119;1,02185E-13;2;
RPS15;7,14685E-18;0,341780957;0,337;0,215;1,2735E-13;2;
ELOB;7,68989E-18;0,45210962;0,237;0,141;1,37026E-13;2;
RPL35;8,07232E-18;0,313870679;0,4;0,267;1,43841E-13;2;
AC007969.1;9,89421E-18;0,315221007;0,289;0,181;1,76305E-13;2;
ALOX5AP;1,8642E-17;0,394784171;0,383;0,261;3,32182E-13;2;
RPL13P12;2,55623E-17;0,260231552;0,408;0,284;4,55495E-13;2;
RPL32;2,73491E-17;0,372480386;0,353;0,229;4,87334E-13;2;
CST3;2,82523E-17;0,295329398;0,378;0,268;5,03428E-13;2;
RPL8;5,27166E-17;0,318538977;0,355;0,235;9,39358E-13;2;
TFRC;3,93741E-16;0,46732482;0,192;0,099;7,01606E-12;2;
ENO1;4,98412E-16;0,401590197;0,307;0,199;8,8812E-12;2;
AC026403.1;9,18566E-16;0,314164337;0,254;0,145;1,63679E-11;2;
FOSL2;1,10942E-15;0,377548504;0,209;0,12;1,97687E-11;2;
NAMPTP1;1,81789E-15;0,36517053;0,146;0,073;3,2393E-11;2;
RPLP0;1,83E-15;0,324726412;0,308;0,193;3,26088E-11;2;
RPLP0P6;2,0781E-15;0,280100838;0,232;0,13;3,70296E-11;2;
RPL37A;2,71134E-15;0,266477545;0,364;0,243;4,83134E-11;2;
RPL10;3,99757E-15;0,255421946;0,363;0,243;7,12328E-11;2;
NDUFB2;7,64352E-15;0,376454156;0,26;0,173;1,362E-10;2;
HLA-DRB5;8,53715E-15;0,265710371;0,389;0,242;1,52123E-10;2;
CAPZA1;9,206E-15;0,272679542;0,642;0,503;1,64042E-10;2;
FPR1;1,01678E-14;0,282388505;0,336;0,219;1,8118E-10;2;
CD63;1,2776E-14;0,310204798;0,371;0,238;2,27655E-10;2;
UQCRQ;2,18465E-14;0,423659165;0,195;0,121;3,89283E-10;2;
SERPINA1;2,45953E-14;0,309387467;0,189;0,111;4,38263E-10;2;
ATP5E;2,64706E-14;0,250029016;0,428;0,301;4,7168E-10;2;
SNORD99;3,23172E-14;0,321548388;0,232;0,123;5,75861E-10;2;
TPI1;9,91222E-14;0,303620031;0,285;0,175;1,76626E-09;2;
RPL7;1,29238E-13;0,316814084;0,279;0,177;2,3029E-09;2;
SH3BGRL3;1,52221E-13;0,299206504;0,222;0,131;2,71243E-09;2;
SLC2A3;2,24754E-13;0,382574573;0,243;0,161;4,0049E-09;2;
UBA52;2,94841E-13;0,264767348;0,414;0,294;5,25377E-09;2;
PSMB6;2,95331E-13;0,47671316;0,164;0,097;5,2625E-09;2;
H3F3B;3,69769E-13;0,269170859;0,451;0,332;6,58891E-09;2;
RNF144B;3,94284E-13;0,344128642;0,272;0,166;7,02574E-09;2;
TSPO;4,08861E-13;0,364729894;0,199;0,109;7,2855E-09;2;
RAB31;5,01075E-13;0,286383482;0,261;0,163;8,92865E-09;2;
RPL7P9;5,32962E-13;0,282288777;0,216;0,127;9,49686E-09;2;
C4orf3;6,31271E-13;0,424269399;0,189;0,109;1,12486E-08;2;
ACTG1;1,14124E-12;0,292370922;0,379;0,281;2,03358E-08;2;
COX4I1;1,144E-12;0,408546812;0,218;0,135;2,0385E-08;2;
CD14;1,29854E-12;0,261152552;0,406;0,303;2,31387E-08;2;
EIF1;1,40069E-12;0,252994232;0,488;0,383;2,49589E-08;2;
H2AFY;2,0435E-12;0,419235865;0,196;0,118;3,64131E-08;2;
SSR4;2,45504E-12;0,352526488;0,231;0,144;4,37464E-08;2;
RPL7P1;3,67813E-12;0,271078704;0,201;0,119;6,55405E-08;2;
NDUFA4;4,92944E-12;0,398932467;0,176;0,109;8,78378E-08;2;
VAMP8;6,4203E-12;0,411924485;0,192;0,107;1,14403E-07;2;
POMP;9,78011E-12;0,317236512;0,231;0,152;1,74272E-07;2;
CCL4;1,26588E-11;0,414422157;0,147;0,072;2,25567E-07;2;
EIF4EBP1;4,26031E-11;0,562092947;0,115;0,067;7,59145E-07;2;
LIMS1;5,06032E-11;0,2760053;0,206;0,131;9,01698E-07;2;
UQCR10;7,0639E-11;0,281256209;0,295;0,208;1,25872E-06;2;
TREM2;7,94027E-11;0,381480656;0,282;0,186;1,41488E-06;2;
S100A8;8,96822E-11;0,323839941;0,136;0,075;1,59805E-06;2;
SYNGR2;1,08999E-10;0,313224679;0,202;0,132;1,94225E-06;2;
PPIA;2,1229E-10;0,290060294;0,223;0,153;3,7828E-06;2;
MPC2;2,41521E-10;0,359315582;0,207;0,123;4,30366E-06;2;
COX5B;3,11251E-10;0,290079677;0,168;0,106;5,54618E-06;2;
CCL4L2;3,14882E-10;0,371838017;0,159;0,083;5,61088E-06;2;
ACSL1;4,26889E-10;0,257771522;0,259;0,153;7,60674E-06;2;
RPS27AP16;5,54706E-10;0,285804788;0,247;0,169;9,88431E-06;2;
COTL1;6,04907E-10;0,296091372;0,251;0,166;1,07788E-05;2;
ATP5L;8,25792E-10;0,285219742;0,208;0,147;1,47148E-05;2;
RPS27A;1,03425E-09;0,265211512;0,374;0,274;1,84293E-05;2;
ATP5J;1,2677E-09;0,336899286;0,203;0,129;2,25892E-05;2;
ANAPC11;1,4863E-09;0,335533881;0,135;0,074;2,64845E-05;2;
MTHFD2;1,58435E-09;0,472044217;0,122;0,074;2,82315E-05;2;
DPYSL2;1,69442E-09;0,252712428;0,464;0,357;3,01928E-05;2;
PSME2;2,09726E-09;0,278945126;0,162;0,091;3,73711E-05;2;
RBX1;2,32598E-09;0,387006295;0,148;0,089;4,14466E-05;2;
COX8A;2,39337E-09;0,262855778;0,127;0,081;4,26474E-05;2;
SLC25A5;2,52337E-09;0,352157547;0,169;0,106;4,49639E-05;2;
PGK1;4,08607E-09;0,360820403;0,182;0,12;7,28097E-05;2;
NOP10;6,99376E-09;0,316553965;0,194;0,128;0,000124622;2;
CXCL16;9,43838E-09;0,326498666;0,199;0,133;0,000168183;2;
TMEM176B;1,14321E-08;0,342058396;0,173;0,114;0,000203709;2;
COX7A2;1,51091E-08;0,35721438;0,159;0,098;0,00026923;2;
ATP5B;1,84814E-08;0,357458671;0,139;0,086;0,00032932;2;
PPT1;2,23381E-08;0,305841484;0,251;0,172;0,000398043;2;
LAPTM4A;2,45072E-08;0,298732613;0,18;0,121;0,000436694;2;
PFDN5;2,8352E-08;0,258861173;0,212;0,155;0,000505205;2;
S100A9;3,87996E-08;0,277990413;0,13;0,074;0,00069137;2;
BCAP31;4,02761E-08;0,410421011;0,15;0,093;0,000717679;2;
CD83;4,96941E-08;0,293268476;0,108;0,062;0,000885499;2;
LMAN2;5,02448E-08;0,29628854;0,178;0,127;0,000895312;2;
CCL3L3;5,33084E-08;0,383470013;0,122;0,063;0,000949903;2;
PLEK;5,66115E-08;0,25936809;0,186;0,118;0,00100876;2;
RPS17;8,78527E-08;0,262512908;0,198;0,133;0,001565447;2;
CHP11;9,22441E-08;0,279670184;0,378;0,281;0,001643698;2;
UBL5;9,3304E-08;0,251756348;0,134;0,082;0,001662584;2;
TMEM258;1,19275E-07;0,328917377;0,128;0,079;0,002125369;2;
PSMB3;1,60528E-07;0,317718711;0,134;0,083;0,002860442;2;
ANXA5;1,60791E-07;0,298788227;0,203;0,133;0,002865138;2;
VEGFA;1,7886E-07;0,268559426;0,111;0,062;0,003187098;2;
LDHA;1,83982E-07;0,2535095;0,225;0,149;0,003278369;2;
GUK1;2,10699E-07;0,263978525;0,119;0,073;0,003754447;2;
RACK1;2,32077E-07;0,274379333;0,308;0,207;0,004135379;2;
C3AR1;2,52376E-07;0,297766394;0,24;0,179;0,00449709;2;
SEC61B;3,47683E-07;0,357300372;0,103;0,058;0,006195358;2;
SYAP1;4,87741E-07;0,329269841;0,128;0,078;0,008691052;2;
ELOC;4,92712E-07;0,354962808;0,126;0,076;0,008779632;2;
ATP5G2;5,34724E-07;0,251456635;0,151;0,096;0,009528241;2;
RAN;6,56666E-07;0,318474395;0,117;0,076;0,011701138;2;
AKR1B1;7,26923E-07;0,265699659;0,17;0,116;0,012953045;2;
BTF3;8,49563E-07;0,370231977;0,187;0,122;0,01513837;2;
GADD45GIP1;9,82833E-07;0,292567762;0,108;0,061;0,017513098;2;
PHPT1;1,2201E-06;0,330654506;0,119;0,078;0,021740889;2;
PRR13;1,43793E-06;0,257597094;0,159;0,104;0,02562249;2;
LGALS1;1,72549E-06;0,338991182;0,122;0,073;0,030746594;2;
COX7C;2,55175E-06;0,252449211;0,143;0,093;0,045469546;2;
COPS6;2,96079E-06;0,25836683;0,107;0,069;0,05275826;2;
TMEM230;3,14225E-06;0,261391049;0,124;0,072;0,055991821;2;
PLAUR;3,68168E-06;0,266958421;0,163;0,099;0,065603939;2;
COX6C;3,9391E-06;0,250600204;0,117;0,072;0,070190762;2;
SOD2;4,23206E-06;0,319881019;0,172;0,118;0,075411023;2;
ATP6V0E1;4,38803E-06;0,262876856;0,191;0,143;0,078190277;2;
PILRA;7,08152E-06;0,276622326;0,122;0,079;0,126185629;2;
GLRX;1,54018E-05;0,277169779;0,167;0,112;0,274444157;2;
MINOS1;4,1803E-05;0,31398189;0,133;0,088;0,744886993;2;
NOP53;7,23225E-05;0,250984604;0,108;0,074;1;2;
PEBP1;7,75184E-05;0,277997434;0,105;0,071;1;2;
MFSD1;0,000105903;0,291021321;0,15;0,11;1;2;
LYN;0,000172915;0,739657227;0,131;0,097;1;2;
RGS16;0,000181201;0,286690124;0,155;0,098;1;2;
VSIR;0,001535555;0,250375097;0,205;0,153;1;2;
EIF4E;0,002208929;0,257628595;0,138;0,1;1;2;
UQCRB;0,002910791;0,490887265;0,125;0,102;1;2;
SMIM11A;0;3,24626391;0,987;0,012;0;3;
SMIM11B;0;3,171586363;0,968;0,015;4,3981E-307;3;
FPR11;1,86712E-05;0,518084774;0,369;0,233;0,332702358;3;
PSMD11;2,25881E-05;1,038194328;0,299;0,118;0,40249779;3;
PSMB41;2,86527E-05;0,606319837;0,35;0,209;0,510561682;3;
NDUFA6;3,22696E-05;0,752831644;0,172;0,067;0,575011748;3;
NIPSNAP2;5,03765E-05;0,590330036;0,14;0,049;0,897659714;3;
RPL21P119;5,38456E-05;0,287526086;0,382;0,214;0,959474135;3;
RPL21P75;8,02195E-05;0,251503419;0,389;0,237;1;3;
RPL27;8,68473E-05;0,344129116;0,567;0,383;1;3;
RPS19;0,000100643;0,259334351;0,618;0,48;1;3;
ANXA51;0,000113118;0,679025367;0,255;0,141;1;3;
HLA-DRB51;0,00015634;0,356915491;0,427;0,26;1;3;
C21orf331;0,000196067;0,576896619;0,255;0,145;1;3;
LGALS11;0,000219046;0,687930005;0,159;0,078;1;3;
CTSD;0,000227823;0,620738878;0,306;0,157;1;3;
CPNE1;0,000235758;0,66319121;0,159;0,07;1;3;
AXL1;0,000246505;0,453275089;0,65;0,536;1;3;
EIF2S31;0,00025993;0,325849105;0,529;0,428;1;3;
DAZAP2;0,000275553;0,477683407;0,185;0,113;1;3;
RPS6KA1;0,000284605;0,591024961;0,166;0,073;1;3;
OLR1;0,000338393;0,38091149;0,503;0,377;1;3;
PAFAH1B2;0,000375525;0,623445467;0,242;0,154;1;3;
SRSF2;0,000403744;0,650597185;0,306;0,185;1;3;
DERL2;0,00044539;0,66725297;0,121;0,061;1;3;
CHP12;0,000628279;0,522167597;0,389;0,293;1;3;
ARPC41;0,000636065;0,264092485;0,573;0,423;1;3;
ATP5G1;0,000663622;0,551405962;0,14;0,067;1;3;
GSTK1;0,000776734;0,392024517;0,153;0,056;1;3;
RSL1D1;0,000810373;0,586733353;0,172;0,101;1;3;
UQCRQ1;0,000846925;0,627855738;0,229;0,129;1;3;
GMFG;0,001025266;0,555488608;0,166;0,101;1;3;
AL133216.2;0,001187412;0,323699994;0,146;0,075;1;3;
C5AR1;0,001228646;0,673502348;0,217;0,108;1;3;
TREM21;0,001277562;0,447451286;0,299;0,198;1;3;
SELENOT;0,001378881;0,488222107;0,146;0,068;1;3;
CD631;0,001407804;0,279103671;0,376;0,255;1;3;
SLC35B1;0,00155804;0,545255474;0,127;0,06;1;3;
AC116667.1;0,001624788;0,517212201;0,217;0,121;1;3;
ARPC2;0,00174397;0,320413355;0,49;0,381;1;3;
OAZ1;0,00181608;0,253112405;0,459;0,332;1;3;
PSMB31;0,002021678;0,603518404;0,185;0,089;1;3;
SLC11A2;0,002085742;0,434851317;0,127;0,07;1;3;
ZNF331;0,002140997;0,281457717;0,14;0,067;1;3;
ARL8B;0,002224672;0,428579201;0,121;0,063;1;3;
ORMDL1;0,002283756;0,378830655;0,134;0,067;1;3;
B3GNT5;0,002359537;0,477704797;0,185;0,091;1;3;
DCTN4;0,002479437;0,548248288;0,102;0,048;1;3;
LYZ;0,002492745;0,683546433;0,14;0,083;1;3;
RAN1;0,002515571;0,357433554;0,166;0,08;1;3;
TMSB4XP8;0,00260077;0,256910689;0,713;0,557;1;3;
ARPC3;0,003000523;0,410370359;0,242;0,167;1;3;
MAN1A1;0,003024831;0,469295601;0,102;0,038;1;3;
ATP5H;0,003090424;0,602673386;0,134;0,083;1;3;
FAM96A;0,003356509;0,528043859;0,14;0,066;1;3;
MYDGF;0,003513002;0,453620714;0,102;0,049;1;3;
RPS15A;0,003642837;0,363948985;0,223;0,112;1;3;
NDUFB7;0,003799039;0,444455762;0,108;0,055;1;3;
RPL9P18;0,004195699;0,254790315;0,185;0,102;1;3;
GABPB1;0,004330512;0,295730976;0,108;0,047;1;3;
MARCH61;0,004484917;0,304868207;0,42;0,27;1;3;
TFRC1;0,004689092;0,461404238;0,204;0,11;1;3;
ATP5B1;0,004781846;0,363128892;0,159;0,092;1;3;
S100A81;0,004909503;0,356381571;0,166;0,082;1;3;
SSR1;0,005115307;0,347231057;0,331;0,27;1;3;
RUBCN;0,005363681;0,274067783;0,14;0,059;1;3;
ADORA3;0,005441347;0,340769312;0,223;0,135;1;3;
CCDC47;0,005926004;0,612771894;0,146;0,08;1;3;
HNRNPR;0,006195268;0,477665543;0,166;0,086;1;3;
RPS21;0,006229554;0,295476174;0,389;0,28;1;3;
RPS29;0,006328179;0,284992024;0,325;0,244;1;3;
STOM;0,006333755;0,306249751;0,331;0,215;1;3;
MIER1;0,006446487;0,404243568;0,21;0,13;1;3;
RBX11;0,006555083;0,336316013;0,172;0,096;1;3;
CAMK2D;0,006793815;0,328314562;0,204;0,103;1;3;
HNRNPC;0,006935096;0,264600549;0,223;0,114;1;3;
HMGB1P51;0,006968758;0,551520869;0,102;0,048;1;3;
SUPT16H;0,007135439;0,560834485;0,115;0,053;1;3;
CMC2;0,007424504;0,257913764;0,35;0,216;1;3;
C9orf72;0,008061076;0,357989492;0,255;0,153;1;3;
AAK1;0,008185265;0,536632951;0,185;0,109;1;3;
NDUFC1;0,008351031;0,404331425;0,159;0,082;1;3;
MTUS1;0,008445546;1,017323809;0,159;0,051;1;3;
RPL9P7;0,008532911;0,253634899;0,268;0,191;1;3;
AHSA1;0,008674341;0,428951617;0,153;0,083;1;3;
BTF31;0,008685844;0,365116848;0,191;0,13;1;3;
ELOC1;0,008711846;0,278522784;0,185;0,081;1;3;
COX7A21;0,008873886;0,31081712;0,191;0,105;1;3;
DSE;0,009078498;0,266619252;0,146;0,081;1;3;
TMBIM4;0,009085229;1,483977327;0,255;0,171;1;3;
BCAP311;0,009322474;0,369034585;0,166;0,1;1;3;
NUFIP2;0,009460032;0,454653081;0,146;0,089;1;3;
PIGR;0,00951307;0,368962477;0,108;0,061;1;3;
YWHAG;0,009891347;0,433513196;0,14;0,07;1;3;
TNFRSF13C;0,009897609;0,453249677;0,217;0,15;1;3;
GPR89A;2,0496E-286;3,719672415;1;0,008;3,6522E-282;4;
GPR89B;3,181E-274;3,454998346;0,976;0,007;5,6683E-270;4;
MEF2C;1,27637E-07;0,819734791;0,52;0,33;0,002274367;4;
CTSD1;3,40267E-05;0,656065876;0,307;0,157;0,606322026;4;
PARP1;5,06172E-05;0,976943064;0,142;0,051;0,901947771;4;
ATF7IP;7,4041E-05;0,669622494;0,181;0,076;1;4;
PEBP11;0,000152179;0,901473922;0,157;0,074;1;4;
RPL7L1;0,0007204;0,707093778;0,165;0,078;1;4;
COPB1;0,001088533;0,650120063;0,157;0,081;1;4;
DARS;0,001271735;0,533216453;0,157;0,073;1;4;
GNAS;0,001443761;0,377207264;0,52;0,369;1;4;
MAN1A11;0,001445709;0,404152722;0,118;0,038;1;4;
BDP1;0,001538213;0,7520046;0,213;0,12;1;4;
HLA-DPA1;0,001692084;0,300877167;0,441;0,361;1;4;
ARHGAP12;0,001716126;0,638721906;0,142;0,09;1;4;
GMFG1;0,002097652;0,766936023;0,173;0,101;1;4;
FBXW7;0,002377383;0,623797865;0,126;0,058;1;4;
HLA-DMB;0,002578541;0,562063806;0,244;0,177;1;4;
GPR34;0,002811587;0,288663937;0,315;0,191;1;4;
TRAK1;0,002904133;0,777428191;0,102;0,05;1;4;
EIF1AX;0,003126635;0,651103603;0,173;0,087;1;4;
PUM2;0,003234558;0,549628127;0,118;0,065;1;4;
ASAH1;0,003337805;0,526927088;0,315;0,214;1;4;
ANXA7;0,00346654;0,513431764;0,142;0,074;1;4;
RPL37;0,003611504;0,279420288;0,299;0,198;1;4;
DHX36;0,004868309;0,419580288;0,165;0,085;1;4;
VCP;0,005000825;0,510007837;0,134;0,065;1;4;
AC005154.1;0,005219182;0,515289306;0,126;0,07;1;4;
DERL21;0,005251643;0,565104275;0,118;0,061;1;4;
TREM22;0,00562859;0,335499673;0,299;0,198;1;4;
EIF3H;0,006456484;0,429204062;0,134;0,075;1;4;
SRRM1;0,006660625;0,425817848;0,425;0,292;1;4;
ATP5A1;0,006744332;0,554361676;0,189;0,11;1;4;
CHD1;0,00675764;0,43321116;0,299;0,185;1;4;
VAMP81;0,006859998;0,494354922;0,228;0,117;1;4;
HLA-DRB52;0,007299864;0,34665219;0,362;0,261;1;4;
APRT;0,007467793;0,593264495;0,11;0,053;1;4;
LHFPL2;0,007503507;0,354757834;0,244;0,158;1;4;
COPS61;0,007652999;0,491088833;0,126;0,074;1;4;
LRPPRC;0,00829237;0,385498311;0,15;0,071;1;4;
LY86;0,008558214;0,316224892;0,244;0,115;1;4;
FAR1;0,00882821;0,460582925;0,102;0,05;1;4;
AKAP11;0,009032064;0,41723485;0,102;0,043;1;4;
UBL3;0,009667323;0,383557354;0,11;0,048;1;4;
RAB311;0,009702857;0,282857348;0,276;0,175;1;4;
HLA-DMA;0,009722699;0,457552617;0,299;0,211;1;4;
PTPN2;0,009967111;0,451882729;0,22;0,126;1;4;
PCNT;0,009977239;0,346026248;0,11;0,055;1;4;
SERF1A;8,5039E-201;3,196641665;0,989;0,005;1,5153E-196;5;
SERF1B;1,0291E-200;3,144916159;0,989;0,004;1,8338E-196;5;
PPP1R18;1,33405E-05;0,988343515;0,17;0,043;0,237715238;5;
SIRT2;3,39619E-05;0,976735713;0,136;0,029;0,605167304;5;
SF3B2;5,29171E-05;1,476815254;0,227;0,081;0,942929675;5;
TXN;7,14974E-05;0,741318089;0,182;0,058;1;5;
ANKRD40;8,67706E-05;0,477018926;0,364;0,17;1;5;
MT-ATP6;0,000119245;0,413167483;0,795;0,58;1;5;
PRR131;0,000219993;0,614436518;0,25;0,111;1;5;
MCFD2;0,000226824;0,653236669;0,148;0,039;1;5;
WDR33;0,000259999;0,660412847;0,125;0,033;1;5;
ELAVL1;0,000286501;1,020080825;0,125;0,044;1;5;
MTATP6P1;0,000336017;0,370320361;0,659;0,456;1;5;
FTLP31;0,000393937;0,275331761;0,705;0,478;1;5;
TMEM176A;0,000413948;0,843086527;0,125;0,043;1;5;
MED4;0,000440595;0,764309213;0,125;0,042;1;5;
TYROBP;0,000468337;0,383642228;0,443;0,286;1;5;
DMXL2;0,000526257;0,86224953;0,159;0,056;1;5;
GNB2;0,000697785;0,91263297;0,114;0,053;1;5;
RHOG;0,000824017;0,755672767;0,17;0,056;1;5;
AC099336.2;0,000856446;0,296600393;0,5;0,322;1;5;
FKBP5;0,000902072;0,568169366;0,33;0,224;1;5;
PNRC2;0,001098927;1,043358384;0,159;0,058;1;5;
AC079015.1;0,001274027;0,582680656;0,102;0,025;1;5;
CUL5;0,001474748;0,395960733;0,216;0,093;1;5;
FPR12;0,001538456;0,571316015;0,352;0,234;1;5;
CD69;0,001949156;0,750820379;0,114;0,028;1;5;
USP48;0,001989428;0,508060835;0,125;0,04;1;5;
LAP3;0,002024654;0,663544134;0,295;0,161;1;5;
AP000936.3;0,002074289;0,270557973;0,42;0,269;1;5;
EGR11;0,002106083;0,516703418;0,318;0,215;1;5;
PHC3;0,002112019;0,697142376;0,17;0,09;1;5;
CYFIP1;0,002185736;1,217294297;0,295;0,169;1;5;
NDUFB6;0,002327649;0,634044245;0,114;0,04;1;5;
UBQLN1;0,002478224;0,546477898;0,148;0,05;1;5;
TMSB101;0,002626166;0,491014992;0,545;0,374;1;5;
LRRC58;0,002685489;0,524775475;0,102;0,035;1;5;
SRSF7;0,00284661;0,878992243;0,17;0,085;1;5;
C11orf58;0,002876906;0,428058439;0,261;0,115;1;5;
ITSN21;0,002893386;0,455944469;0,284;0,142;1;5;
SMG1P2;0,003184735;0,489938454;0,125;0,07;1;5;
SMIM7;0,00339803;0,601990561;0,102;0,032;1;5;
LILRB1;0,003398316;0,477833049;0,193;0,101;1;5;
XPA;0,003528176;0,476330513;0,125;0,046;1;5;
C4orf31;0,003559256;0,38414167;0,227;0,119;1;5;
PPIAP22;0,003646336;0,390260805;0,17;0,08;1;5;
ZFAND5;0,003749456;1,276075773;0,148;0,067;1;5;
HADHB;0,0040289;0,574272132;0,17;0,055;1;5;
SMG1P5;0,004110141;0,492668965;0,159;0,074;1;5;
R3HDM21;0,004189227;0,389470156;0,409;0,286;1;5;
KDELR1;0,004374511;0,567653665;0,102;0,041;1;5;
ARHGAP21;0,004423781;0,464483264;0,227;0,097;1;5;
VEGFB;0,004594515;0,49057628;0,102;0,039;1;5;
SCPEP1;0,004686508;0,800726089;0,148;0,077;1;5;
PTPRA;0,004693103;0,505475284;0,136;0,042;1;5;
PAPD4;0,004727266;0,406479643;0,148;0,064;1;5;
ST3GAL6;0,004765641;0,448215458;0,216;0,108;1;5;
HCK;0,005054989;0,465742773;0,227;0,097;1;5;
WSB1;0,005228825;0,294764649;0,648;0,522;1;5;
TPP1;0,005254773;0,633507066;0,193;0,1;1;5;
PPP2R5C;0,005416151;0,474351168;0,307;0,215;1;5;
LY96;0,005768584;0,755613475;0,114;0,044;1;5;
CREG1;0,005941918;0,654549292;0,205;0,123;1;5;
ALOX5AP1;0,005962783;0,260414764;0,398;0,277;1;5;
U2SURP;0,00651641;0,430321389;0,239;0,146;1;5;
PTTG1IP;0,006640121;0,765869604;0,193;0,105;1;5;
LDHB;0,00673243;0,509271577;0,102;0,05;1;5;
GPN3;0,006834113;0,58727898;0,159;0,049;1;5;
ARRB2;0,007158731;0,335997076;0,318;0,127;1;5;
RPS211;0,007209121;0,380551906;0,273;0,167;1;5;
DDX10;0,007212983;0,668035869;0,102;0,049;1;5;
BZW1;0,007478018;0,386037549;0,17;0,085;1;5;
BAG5;0,007981434;0,305188601;0,125;0,024;1;5;
TRIM44;0,008014561;0,471268754;0,136;0,054;1;5;
PPT11;0,008095603;0,258094662;0,318;0,182;1;5;
SCNM1;0,008314817;0,365672787;0,148;0,078;1;5;
TRIM8;0,008620276;0,475927047;0,102;0,028;1;5;
FKBP3;0,008767781;0,608107096;0,114;0,037;1;5;
RPL131;0,00900873;0,333932795;0,511;0,364;1;5;
PPP1R3B;0,009107557;0,481845335;0,125;0,045;1;5;
KATNBL1;0,009140676;0,627611709;0,125;0,048;1;5;
RIOK3;0,009206438;0,422922993;0,136;0,05;1;5;
FRG1CP;5,58472E-41;3,485976156;0,931;0,038;9,95141E-37;6;
FRG1KP;4,17356E-34;3,108089035;0,793;0,021;7,43686E-30;6;
CU459211.1;8,1171E-32;2,315653553;0,828;0,022;1,44639E-27;6;
FRG1DP;2,80712E-26;1,918657129;0,724;0,025;5,00201E-22;6;
FRG1JP;2,17417E-25;2,379448666;0,759;0,04;3,87416E-21;6;
FRG1;1,15977E-22;3,072370437;0,828;0,061;2,06659E-18;6;
FRG1BP;2,99367E-21;2,408885982;0,759;0,042;5,33442E-17;6;
AL592183.1;2,50838E-19;2,216202622;0,621;0,023;4,46969E-15;6;
FRG1HP;5,95957E-19;2,739284049;0,828;0,062;1,06194E-14;6;
FRG1EP;2,16501E-12;1,610122871;0,379;0,018;3,85784E-08;6;
AC116618.1;3,11082E-08;0,912580173;0,379;0,018;0,000554318;6;
ACACA;0,00012666;2,248296945;0,172;0,026;1;6;
RPL23P8;0,000224752;0,887216558;0,414;0,22;1;6;
AC135178.6;0,000247313;0,9993264;0,207;0,065;1;6;
STRN31;0,00035826;1,227771728;0,31;0,144;1;6;
AC007038.2;0,000499788;1,148428781;0,31;0,107;1;6;
SLC25A25-AS1;0,00050843;1,364557508;0,172;0,047;1;6;
RPS24P8;0,000570962;1,395662674;0,241;0,098;1;6;
GOLGA8N;0,000623106;1,053926305;0,172;0,038;1;6;
AC092754.1;0,000676573;0,341999265;0,138;0,055;1;6;
AL009174.1;0,000886292;1,419780012;0,241;0,102;1;6;
MYH9;0,001142333;1,240745993;0,276;0,096;1;6;
RPL23;0,001287238;0,796137696;0,621;0,469;1;6;
TMSB4XP2;0,001551788;0,422931797;0,517;0,288;1;6;
EML1;0,001609718;1,254317637;0,103;0,009;1;6;
FO393411.1;0,001843305;0,707198886;0,414;0,263;1;6;
ITPRIP;0,002133456;1,230890134;0,172;0,041;1;6;
IL6ST;0,002163592;0,683228492;0,621;0,395;1;6;
PDCD10;0,002293149;2,934348372;0,103;0,047;1;6;
CPED1;0,002341588;1,287772594;0,241;0,098;1;6;
GLDN;0,00235636;0,935768548;0,448;0,28;1;6;
PSMA3-AS11;0,002361022;0,774482592;0,552;0,331;1;6;
CPNE8;0,002458125;1,224956264;0,138;0,021;1;6;
CAPZA11;0,002622234;0,618952839;0,69;0,522;1;6;
WTAP1;0,003371614;0,980908698;0,586;0,485;1;6;
AP1G1;0,003385375;1,272279326;0,345;0,252;1;6;
ELMO1;0,003621154;0,433808467;0,552;0,32;1;6;
AC026471.4;0,003758446;1,49664429;0,138;0,032;1;6;
PLAT;0,004034813;0,952800358;0,103;0,02;1;6;
NUDT19;0,004416411;1,336736392;0,207;0,103;1;6;
TMTC3;0,005075564;1,288397648;0,138;0,043;1;6;
SERINC3;0,005491336;1,332423015;0,207;0,053;1;6;
LPAR2;0,005499634;1,06801843;0,103;0,032;1;6;
CLEC7A1;0,005508868;0,509357491;0,69;0,557;1;6;
ETNK11;0,005884435;0,915421503;0,483;0,311;1;6;
STAM2;0,006562004;1,410644869;0,172;0,047;1;6;
RBM61;0,006666484;0,381136932;0,793;0,624;1;6;
RPRD1B;0,006710775;0,999681807;0,103;0,012;1;6;
CDKAL1;0,007069421;1,44991863;0,138;0,067;1;6;
SLX1B;0,007254242;0,774241784;0,103;0,02;1;6;
FLCN1;0,00738954;0,461220993;0,586;0,389;1;6;
PLEKHM1P1;0,007463981;0,968857861;0,172;0,025;1;6;
AC010677.1;0,007716118;0,34443395;0,379;0,175;1;6;
WWTR1;0,007728116;0,623743814;0,345;0,144;1;6;
LINC02232;0,008443847;1,078030292;0,103;0,019;1;6;
HERPUD2;0,008503509;1,268316889;0,138;0,052;1;6;
TSPYL11;0,008608666;0,972749709;0,448;0,253;1;6;
MLX;0,009219352;0,831282164;0,276;0,189;1;6;
RPL21P129;0,009452567;0,324334934;0,103;0,017;1;6;
PFKFB2;0,009452743;1,323818259;0,138;0,074;1;6;