Table S7 Average scaled expression for and percentage of cells expressing selected genes in clusters identified with bc-Smart-seq2 single-cell RNA sequencing (related to Fig 3D).;;;
gene;cluster;scaled.avg.exp;fraction.exp
LYZ;0;-0,409715687;0,084127741
CTSZ;0;0,587946251;0,01620591
LPL;0;0,011578936;0,011916111
CTSD;0;-0,290977579;0,139656816
CTSB;0;0,181529463;0,620591039
C1QB;0;0,171022685;0,550762631
C1QA;0;-0,110640055;0,393231649
SPP1;0;0,778661878;0,837940896
B2M;0;-0,3024485;0,734270734
APOE;0;-1,831955311;0,381077216
CSF1R;0;-0,245141824;0,434938036
CX3CR1;0;-0,621583481;0,253813155
ITGAM;0;-0,566362199;0,069113441
TMEM163;0;0,115419369;0,01406101
VSIR;0;0,369307739;0,140610105
ADGRG1;0;0,440786683;0,255719733
P2RY12;0;0,436107534;0,129408961
TMEM119;0;-0,067556049;0,075309819
FRG1;0;-0,384460406;0,052192564
SERF1A;0;-0,387116717;0,0042898
MEF2C;0;-0,591811844;0,302192564
SMIM11A;0;-0,382453386;0,012392755
HLA-DPB1;0;-0,126680281;0,227597712
CD63;0;-0,484992459;0,234270734
GLUL;0;0,452684199;0,238322212
TREM2;0;-0,415829787;0,165872259
NEAT1;0;0,279160581;0,71663489
ZNF302;0;-0,123211551;0,557912297
FGD2;0;1,53899544;0,695662536
AXL;0;0,635299702;0,583889418
LYZ;1;-0,620411635;0,074521123
CTSZ;1;0,606140719;0,013907111
LPL;1;0,002354725;0,013907111
CTSD;1;-0,315718985;0,151666229
CTSB;1;-1,072749963;0,622671215
C1QB;1;0,335755816;0,584885857
C1QA;1;-0,460673397;0,395959066
SPP1;1;-0,314512601;0,869588035
B2M;1;-0,936553485;0,746785621
APOE;1;-0,620652832;0,437680399
CSF1R;1;-0,501308191;0,453424298
CX3CR1;1;-0,810673574;0,266596694
ITGAM;1;0,071404344;0,077669903
TMEM163;1;-0,083826734;0,008659145
VSIR;1;0,485488063;0,164261349
ADGRG1;1;1,773664954;0,311466807
P2RY12;1;1,127415002;0,160850171
TMEM119;1;-0,205606219;0,082917869
FRG1;1;-0,372217467;0,061926004
SERF1A;1;-0,387018862;0,004985568
MEF2C;1;-0,218924614;0,345053792
SMIM11A;1;-0,382460839;0,011020729
HLA-DPB1;1;-1,046123489;0,222251378
CD63;1;-0,740960216;0,23589609
GLUL;1;0,060082115;0,242718447
TREM2;1;-0,261995632;0,199685122
NEAT1;1;1,685844441;0,815271582
ZNF302;1;2,110025929;0,676462871
FGD2;1;-0,613608412;0,601679349
AXL;1;-1,558569649;0,454998688
LYZ;2;-0,699145487;0,095132743
CTSZ;2;-0,180710538;0,012536873
LPL;2;0,393974248;0,021386431
CTSD;2;0,018228342;0,217551622
CTSB;2;1,20723623;0,746312684
C1QB;2;1,346027951;0,730825959
C1QA;2;1,455845175;0,525811209
SPP1;2;0,574696358;0,90560472
B2M;2;0,679967357;0,871681416
APOE;2;0,265732809;0,528023599
CSF1R;2;-0,332721205;0,536135693
CX3CR1;2;-0,458087244;0,307522124
ITGAM;2;0,627241564;0,104719764
TMEM163;2;0,761035744;0,02359882
VSIR;2;1,535022526;0,205014749
ADGRG1;2;0,50588062;0,328171091
P2RY12;2;-0,291399758;0,15339233
TMEM119;2;0,219292241;0,109882006
FRG1;2;-0,373966509;0,078908555
SERF1A;2;-0,38716542;0,005899705
MEF2C;2;-0,708334106;0,367256637
SMIM11A;2;-0,382599967;0,014011799
HLA-DPB1;2;1,194113638;0,369469027
CD63;2;0,156157865;0,370943953
GLUL;2;1,527109662;0,387905605
TREM2;2;0,682261129;0,282448378
NEAT1;2;-0,755092587;0,81120944
ZNF302;2;-0,688406279;0,635693215
FGD2;2;-0,631959866;0,73820059
AXL;2;-0,438945466;0,604719764
LYZ;4;-0,838523216;0,11023622
CTSZ;4;-0,971837469;0
LPL;4;-0,946356853;0
CTSD;4;1,373190743;0,307086614
CTSB;4;1,387529713;0,68503937
C1QB;4;0,298982765;0,68503937
C1QA;4;-0,817879229;0,503937008
SPP1;4;-0,779978862;0,874015748
B2M;4;1,549919208;0,803149606
APOE;4;-0,027597497;0,551181102
CSF1R;4;0,167143246;0,598425197
CX3CR1;4;-0,673294883;0,401574803
ITGAM;4;1,889075479;0,086614173
TMEM163;4;1,251311589;0,007874016
VSIR;4;0,369493704;0,157480315
ADGRG1;4;-0,616848934;0,346456693
P2RY12;4;-0,003604745;0,125984252
TMEM119;4;0,838700112;0,078740157
FRG1;4;-0,368600867;0,086614173
SERF1A;4;-0,330875458;0,031496063
MEF2C;4;1,66838275;0,519685039
SMIM11A;4;-0,376739349;0,015748031
HLA-DPB1;4;0,244601955;0,291338583
CD63;4;-0,784914641;0,228346457
GLUL;4;-0,383853436;0,196850394
TREM2;4;0,717657186;0,299212598
NEAT1;4;-0,309568154;0,787401575
ZNF302;4;0,242371946;0,653543307
FGD2;4;-0,053517;0,669291339
AXL;4;-0,279333924;0,598425197
LYZ;3;1,633129256;0,140127389
CTSZ;3;1,676056464;0,044585987
LPL;3;-0,56970457;0,006369427
CTSD;3;1,251248957;0,305732484
CTSB;3;-1,11529953;0,72611465
C1QB;3;-0,207665093;0,630573248
C1QA;3;0,973865465;0,585987261
SPP1;3;1,590234163;0,898089172
B2M;3;-0,132969115;0,866242038
APOE;3;0,331858163;0,541401274
CSF1R;3;-0,04860069;0,515923567
CX3CR1;3;-0,324196861;0,343949045
ITGAM;3;-1,156627039;0,101910828
TMEM163;3;0,594652147;0,031847134
VSIR;3;-0,297408778;0,203821656
ADGRG1;3;-0,206916444;0,350318471
P2RY12;3;0,620318388;0,197452229
TMEM119;3;0,755003698;0,140127389
FRG1;3;-0,396322934;0,050955414
SERF1A;3;-0,387554603;0
MEF2C;3;-0,870413375;0,388535032
SMIM11A;3;2,267705886;0,987261146
HLA-DPB1;3;1,354151137;0,363057325
CD63;3;0,192474073;0,375796178
GLUL;3;0,069424543;0,394904459
TREM2;3;1,075529768;0,299363057
NEAT1;3;-0,446661822;0,828025478
ZNF302;3;-0,363183788;0,687898089
FGD2;3;-0,828932315;0,694267516
AXL;3;1,666051352;0,649681529
LYZ;5;-0,291410548;0,102272727
CTSZ;5;-0,745757959;0,011363636
LPL;5;1,970143136;0,022727273
CTSD;5;-0,636243286;0,102272727
CTSB;5;-0,202780515;0,715909091
C1QB;5;0,033895998;0,727272727
C1QA;5;0,345008157;0,556818182
SPP1;5;-0,681967752;0,909090909
B2M;5;0,514731055;0,920454545
APOE;5;0,550727368;0,465909091
CSF1R;5;-1,114394039;0,511363636
CX3CR1;5;1,348078844;0,352272727
ITGAM;5;-0,417700102;0,125
TMEM163;5;-1,319296057;0
VSIR;5;-1,141069521;0,215909091
ADGRG1;5;-0,646534752;0,340909091
P2RY12;5;0,124500028;0,261363636
TMEM119;5;0,542729419;0,125
FRG1;5;-0,372114688;0,136363636
SERF1A;5;2,267285663;0,988636364
MEF2C;5;-0,445358719;0,386363636
SMIM11A;5;-0,359743672;0,045454545
HLA-DPB1;5;-0,450995996;0,261363636
CD63;5;-0,42521119;0,295454545
GLUL;5;0,090863421;0,238636364
TREM2;5;0,102548715;0,25
NEAT1;5;0,800675184;0,863636364
ZNF302;5;-0,884342703;0,659090909
FGD2;5;1,29254366;0,761363636
AXL;5;0,233235338;0,636363636
LYZ;6;1,226077317;0,137931034
CTSZ;6;-0,971837469;0
LPL;6;-0,861989622;0,034482759
CTSD;6;-1,399728192;0,034482759
CTSB;6;-0,385465398;0,517241379
C1QB;6;-1,978020123;0,482758621
C1QA;6;-1,385526117;0,448275862
SPP1;6;-1,167133184;0,793103448
B2M;6;-1,372646521;0,724137931
APOE;6;1,3318873;0,551724138
CSF1R;6;2,075022703;0,413793103
CX3CR1;6;1,539757199;0,275862069
ITGAM;6;-0,447032047;0,034482759
TMEM163;6;-1,319296057;0
VSIR;6;-1,320833733;0,068965517
ADGRG1;6;-1,250032127;0,172413793
P2RY12;6;-2,01333645;0,103448276
TMEM119;6;-2,082563202;0
FRG1;6;2,267682869;0,827586207
SERF1A;6;-0,387554603;0
MEF2C;6;1,166459908;0,275862069
SMIM11A;6;-0,383708673;0
HLA-DPB1;6;-1,169066963;0,24137931
CD63;6;2,087446568;0,275862069
GLUL;6;-1,816310504;0,068965517
TREM2;6;-1,900171379;0,103448276
NEAT1;6;-1,254357644;0,689655172
ZNF302;6;-0,293253554;0,482758621
FGD2;6;-0,703521509;0,586206897
AXL;6;-0,257737353;0,517241379