"filename","full_path","GSM_ID","donor_ID","condition","sample_ID","seq_ID"
"GSM4403092_2018-018_CTR_11-1_S1_completeCounts.txt","F:/R_project/data/GSE146639_RAW/GSM4403092_2018-018_CTR_11-1_S1_completeCounts.txt","GSM4403092","2018-018","CTR","11-1","S1"
"GSM4403093_2018-018_CTR_11-2_S2_completeCounts.txt","F:/R_project/data/GSE146639_RAW/GSM4403093_2018-018_CTR_11-2_S2_completeCounts.txt","GSM4403093","2018-018","CTR","11-2","S2"
"GSM4403094_2018-018_CTR_11-3_S3_completeCounts.txt","F:/R_project/data/GSE146639_RAW/GSM4403094_2018-018_CTR_11-3_S3_completeCounts.txt","GSM4403094","2018-018","CTR","11-3","S3"
"GSM4403095_2018-018_CTR_11-4_S4_completeCounts.txt","F:/R_project/data/GSE146639_RAW/GSM4403095_2018-018_CTR_11-4_S4_completeCounts.txt","GSM4403095","2018-018","CTR","11-4","S4"
"GSM4403096_2018-021_CTR_5-1_S5_completeCounts.txt","F:/R_project/data/GSE146639_RAW/GSM4403096_2018-021_CTR_5-1_S5_completeCounts.txt","GSM4403096","2018-021","CTR","5-1","S5"
"GSM4403097_2018-021_CTR_5-2_S6_completeCounts.txt","F:/R_project/data/GSE146639_RAW/GSM4403097_2018-021_CTR_5-2_S6_completeCounts.txt","GSM4403097","2018-021","CTR","5-2","S6"
"GSM4403098_2018-021_CTR_5-3_S7_completeCounts.txt","F:/R_project/data/GSE146639_RAW/GSM4403098_2018-021_CTR_5-3_S7_completeCounts.txt","GSM4403098","2018-021","CTR","5-3","S7"
"GSM4403099_2018-021_CTR_5-4_S8_completeCounts.txt","F:/R_project/data/GSE146639_RAW/GSM4403099_2018-021_CTR_5-4_S8_completeCounts.txt","GSM4403099","2018-021","CTR","5-4","S8"
"GSM4403100_2018-064_CTR_15-1_S9_completeCounts.txt","F:/R_project/data/GSE146639_RAW/GSM4403100_2018-064_CTR_15-1_S9_completeCounts.txt","GSM4403100","2018-064","CTR","15-1","S9"
"GSM4403101_2018-064_CTR_15-2_S10_completeCounts.txt","F:/R_project/data/GSE146639_RAW/GSM4403101_2018-064_CTR_15-2_S10_completeCounts.txt","GSM4403101","2018-064","CTR","15-2","S10"
"GSM4403102_2018-064_CTR_15-3_S11_completeCounts.txt","F:/R_project/data/GSE146639_RAW/GSM4403102_2018-064_CTR_15-3_S11_completeCounts.txt","GSM4403102","2018-064","CTR","15-3","S11"
"GSM4403103_2018-064_CTR_15-4_S12_completeCounts.txt","F:/R_project/data/GSE146639_RAW/GSM4403103_2018-064_CTR_15-4_S12_completeCounts.txt","GSM4403103","2018-064","CTR","15-4","S12"
"GSM4403105_2018-018_CTR_2-2_S2_completeCounts.txt","F:/R_project/data/GSE146639_RAW/GSM4403105_2018-018_CTR_2-2_S2_completeCounts.txt","GSM4403105","2018-018","CTR","2-2","S2"
"GSM4403106_2018-018_CTR_2-3_S3_completeCounts.txt","F:/R_project/data/GSE146639_RAW/GSM4403106_2018-018_CTR_2-3_S3_completeCounts.txt","GSM4403106","2018-018","CTR","2-3","S3"
"GSM4403107_2018-018_CTR_2-4_S4_completeCounts.txt","F:/R_project/data/GSE146639_RAW/GSM4403107_2018-018_CTR_2-4_S4_completeCounts.txt","GSM4403107","2018-018","CTR","2-4","S4"
"GSM4403108_2018-077_AD_20-1_S5_completeCounts.txt","F:/R_project/data/GSE146639_RAW/GSM4403108_2018-077_AD_20-1_S5_completeCounts.txt","GSM4403108","2018-077","AD","20-1","S5"
"GSM4403112_2018-021_CTR_12-1_S1_completeCounts.txt","F:/R_project/data/GSE146639_RAW/GSM4403112_2018-021_CTR_12-1_S1_completeCounts.txt","GSM4403112","2018-021","CTR","12-1","S1"
"GSM4403113_2018-021_CTR_12-2_S2_completeCounts.txt","F:/R_project/data/GSE146639_RAW/GSM4403113_2018-021_CTR_12-2_S2_completeCounts.txt","GSM4403113","2018-021","CTR","12-2","S2"
"GSM4403114_2018-021_CTR_12-3_S3_completeCounts.txt","F:/R_project/data/GSE146639_RAW/GSM4403114_2018-021_CTR_12-3_S3_completeCounts.txt","GSM4403114","2018-021","CTR","12-3","S3"
"GSM4403115_2018-021_CTR_12-4_S4_completeCounts.txt","F:/R_project/data/GSE146639_RAW/GSM4403115_2018-021_CTR_12-4_S4_completeCounts.txt","GSM4403115","2018-021","CTR","12-4","S4"
"GSM4403120_2018-064_CTR_13-1_S1_completeCounts.txt","F:/R_project/data/GSE146639_RAW/GSM4403120_2018-064_CTR_13-1_S1_completeCounts.txt","GSM4403120","2018-064","CTR","13-1","S1"
"GSM4403121_2018-064_CTR_13-2_S2_completeCounts.txt","F:/R_project/data/GSE146639_RAW/GSM4403121_2018-064_CTR_13-2_S2_completeCounts.txt","GSM4403121","2018-064","CTR","13-2","S2"
"GSM4403122_2018-064_CTR_13-3_S3_completeCounts.txt","F:/R_project/data/GSE146639_RAW/GSM4403122_2018-064_CTR_13-3_S3_completeCounts.txt","GSM4403122","2018-064","CTR","13-3","S3"
"GSM4403123_2018-064_CTR_13-4_S4_completeCounts.txt","F:/R_project/data/GSE146639_RAW/GSM4403123_2018-064_CTR_13-4_S4_completeCounts.txt","GSM4403123","2018-064","CTR","13-4","S4"
"GSM4403129_2018-064_CTR_14-1_S2_completeCounts.txt","F:/R_project/data/GSE146639_RAW/GSM4403129_2018-064_CTR_14-1_S2_completeCounts.txt","GSM4403129","2018-064","CTR","14-1","S2"
"GSM4403130_2018-090_CTR_26-1_S3_completeCounts.txt","F:/R_project/data/GSE146639_RAW/GSM4403130_2018-090_CTR_26-1_S3_completeCounts.txt","GSM4403130","2018-090","CTR","26-1","S3"
"GSM4403131_iB6399-BA7_AD_24-2_S4_completeCounts.txt","F:/R_project/data/GSE146639_RAW/GSM4403131_iB6399-BA7_AD_24-2_S4_completeCounts.txt","GSM4403131","iB6399-BA7","AD","24-2","S4"
"GSM4403132_iB6408-BA7_CTR_33-3_S5_completeCounts.txt","F:/R_project/data/GSE146639_RAW/GSM4403132_iB6408-BA7_CTR_33-3_S5_completeCounts.txt","GSM4403132","iB6408-BA7","CTR","33-3","S5"
"GSM4403135_2018-105_CTR_40-3_S8_completeCounts.txt","F:/R_project/data/GSE146639_RAW/GSM4403135_2018-105_CTR_40-3_S8_completeCounts.txt","GSM4403135","2018-105","CTR","40-3","S8"
"GSM4403136_2018-112_CTR_44-2_S9_completeCounts.txt","F:/R_project/data/GSE146639_RAW/GSM4403136_2018-112_CTR_44-2_S9_completeCounts.txt","GSM4403136","2018-112","CTR","44-2","S9"
"GSM4403137_2018-018_CTR_11-4.2_S10_completeCounts.txt","F:/R_project/data/GSE146639_RAW/GSM4403137_2018-018_CTR_11-4.2_S10_completeCounts.txt","GSM4403137","2018-018","CTR","11-4.2","S10"
"GSM4403138_2018-064_CTR_14-2_S1_completeCounts.txt","F:/R_project/data/GSE146639_RAW/GSM4403138_2018-064_CTR_14-2_S1_completeCounts.txt","GSM4403138","2018-064","CTR","14-2","S1"
"GSM4403139_2018-090_CTR_26-2_S2_completeCounts.txt","F:/R_project/data/GSE146639_RAW/GSM4403139_2018-090_CTR_26-2_S2_completeCounts.txt","GSM4403139","2018-090","CTR","26-2","S2"
"GSM4403140_iB6399-BA7_AD_24-3_S3_completeCounts.txt","F:/R_project/data/GSE146639_RAW/GSM4403140_iB6399-BA7_AD_24-3_S3_completeCounts.txt","GSM4403140","iB6399-BA7","AD","24-3","S3"
"GSM4403141_iB6408-BA7_CTR_33-4_S4_completeCounts.txt","F:/R_project/data/GSE146639_RAW/GSM4403141_iB6408-BA7_CTR_33-4_S4_completeCounts.txt","GSM4403141","iB6408-BA7","CTR","33-4","S4"
"GSM4403144_2018-105_CTR_40-4_S7_completeCounts.txt","F:/R_project/data/GSE146639_RAW/GSM4403144_2018-105_CTR_40-4_S7_completeCounts.txt","GSM4403144","2018-105","CTR","40-4","S7"
"GSM4403145_2018-112_CTR_44-1_S8_completeCounts.txt","F:/R_project/data/GSE146639_RAW/GSM4403145_2018-112_CTR_44-1_S8_completeCounts.txt","GSM4403145","2018-112","CTR","44-1","S8"
"GSM4403146_iB6399-BA7_AD_30-4_S9_completeCounts.txt","F:/R_project/data/GSE146639_RAW/GSM4403146_iB6399-BA7_AD_30-4_S9_completeCounts.txt","GSM4403146","iB6399-BA7","AD","30-4","S9"
"GSM4403148_2018-064_CTR_14-3_S1_completeCounts.txt","F:/R_project/data/GSE146639_RAW/GSM4403148_2018-064_CTR_14-3_S1_completeCounts.txt","GSM4403148","2018-064","CTR","14-3","S1"
"GSM4403149_2018-090_CTR_26-3_S2_completeCounts.txt","F:/R_project/data/GSE146639_RAW/GSM4403149_2018-090_CTR_26-3_S2_completeCounts.txt","GSM4403149","2018-090","CTR","26-3","S2"
"GSM4403150_iB6399-BA7_AD_24-4_S3_completeCounts.txt","F:/R_project/data/GSE146639_RAW/GSM4403150_iB6399-BA7_AD_24-4_S3_completeCounts.txt","GSM4403150","iB6399-BA7","AD","24-4","S3"
"GSM4403151_iB6408-BA7_CTR_35-1_S4_completeCounts.txt","F:/R_project/data/GSE146639_RAW/GSM4403151_iB6408-BA7_CTR_35-1_S4_completeCounts.txt","GSM4403151","iB6408-BA7","CTR","35-1","S4"
"GSM4403154_2018-105_CTR_41-1_S7_completeCounts.txt","F:/R_project/data/GSE146639_RAW/GSM4403154_2018-105_CTR_41-1_S7_completeCounts.txt","GSM4403154","2018-105","CTR","41-1","S7"
"GSM4403155_2018-112_CTR_44-3_S8_completeCounts.txt","F:/R_project/data/GSE146639_RAW/GSM4403155_2018-112_CTR_44-3_S8_completeCounts.txt","GSM4403155","2018-112","CTR","44-3","S8"
"GSM4403156_iB6399-BA7_AD_30-2_S9_completeCounts.txt","F:/R_project/data/GSE146639_RAW/GSM4403156_iB6399-BA7_AD_30-2_S9_completeCounts.txt","GSM4403156","iB6399-BA7","AD","30-2","S9"
"GSM4403158_2018-105_CTR_39-4_S1_completeCounts.txt","F:/R_project/data/GSE146639_RAW/GSM4403158_2018-105_CTR_39-4_S1_completeCounts.txt","GSM4403158","2018-105","CTR","39-4","S1"
"GSM4403159_2018-105_CTR_40-1_S7_completeCounts.txt","F:/R_project/data/GSE146639_RAW/GSM4403159_2018-105_CTR_40-1_S7_completeCounts.txt","GSM4403159","2018-105","CTR","40-1","S7"
"GSM4403160_2018-105_CTR_41-4_S2_completeCounts.txt","F:/R_project/data/GSE146639_RAW/GSM4403160_2018-105_CTR_41-4_S2_completeCounts.txt","GSM4403160","2018-105","CTR","41-4","S2"
"GSM4403163_iB6399-BA7_AD_27-2_S6_completeCounts.txt","F:/R_project/data/GSE146639_RAW/GSM4403163_iB6399-BA7_AD_27-2_S6_completeCounts.txt","GSM4403163","iB6399-BA7","AD","27-2","S6"
"GSM4403164_iB6399-BA7_AD_30-3_S8_completeCounts.txt","F:/R_project/data/GSE146639_RAW/GSM4403164_iB6399-BA7_AD_30-3_S8_completeCounts.txt","GSM4403164","iB6399-BA7","AD","30-3","S8"
"GSM4403166_iB6408-BA7_CTR_35-3_S5_completeCounts.txt","F:/R_project/data/GSE146639_RAW/GSM4403166_iB6408-BA7_CTR_35-3_S5_completeCounts.txt","GSM4403166","iB6408-BA7","CTR","35-3","S5"
"GSM4403167_iB6408-BA7_CTR_37-1_S10_completeCounts.txt","F:/R_project/data/GSE146639_RAW/GSM4403167_iB6408-BA7_CTR_37-1_S10_completeCounts.txt","GSM4403167","iB6408-BA7","CTR","37-1","S10"
"GSM4403168_2018-064_CTR_14-4_S1_completeCounts.txt","F:/R_project/data/GSE146639_RAW/GSM4403168_2018-064_CTR_14-4_S1_completeCounts.txt","GSM4403168","2018-064","CTR","14-4","S1"
"GSM4403169_2018-090_CTR_26-4_S2_completeCounts.txt","F:/R_project/data/GSE146639_RAW/GSM4403169_2018-090_CTR_26-4_S2_completeCounts.txt","GSM4403169","2018-090","CTR","26-4","S2"
"GSM4403170_2018-105_CTR_41-2_S7_completeCounts.txt","F:/R_project/data/GSE146639_RAW/GSM4403170_2018-105_CTR_41-2_S7_completeCounts.txt","GSM4403170","2018-105","CTR","41-2","S7"
"GSM4403171_2018-112_CTR_43-1_S3_completeCounts.txt","F:/R_project/data/GSE146639_RAW/GSM4403171_2018-112_CTR_43-1_S3_completeCounts.txt","GSM4403171","2018-112","CTR","43-1","S3"
"GSM4403172_2018-112_CTR_44-4_S8_completeCounts.txt","F:/R_project/data/GSE146639_RAW/GSM4403172_2018-112_CTR_44-4_S8_completeCounts.txt","GSM4403172","2018-112","CTR","44-4","S8"
"GSM4403175_iB6399-BA7_AD_24-1_S9_completeCounts.txt","F:/R_project/data/GSE146639_RAW/GSM4403175_iB6399-BA7_AD_24-1_S9_completeCounts.txt","GSM4403175","iB6399-BA7","AD","24-1","S9"
"GSM4403177_iB6408-BA7_CTR_35-2_S4_completeCounts.txt","F:/R_project/data/GSE146639_RAW/GSM4403177_iB6408-BA7_CTR_35-2_S4_completeCounts.txt","GSM4403177","iB6408-BA7","CTR","35-2","S4"
"GSM4403178_2018-090_CTR_29-2_S2_completeCounts.txt","F:/R_project/data/GSE146639_RAW/GSM4403178_2018-090_CTR_29-2_S2_completeCounts.txt","GSM4403178","2018-090","CTR","29-2","S2"
"GSM4403179_iB6408-BA7_CTR_37-2_S3_completeCounts.txt","F:/R_project/data/GSE146639_RAW/GSM4403179_iB6408-BA7_CTR_37-2_S3_completeCounts.txt","GSM4403179","iB6408-BA7","CTR","37-2","S3"
"GSM4403180_2018-105_CTR_39-2_S5_completeCounts.txt","F:/R_project/data/GSE146639_RAW/GSM4403180_2018-105_CTR_39-2_S5_completeCounts.txt","GSM4403180","2018-105","CTR","39-2","S5"
"GSM4403181_2018-112_CTR_42-4_S9_completeCounts.txt","F:/R_project/data/GSE146639_RAW/GSM4403181_2018-112_CTR_42-4_S9_completeCounts.txt","GSM4403181","2018-112","CTR","42-4","S9"
"GSM4403183_iB6399-BA7_AD_27-4_S7_completeCounts.txt","F:/R_project/data/GSE146639_RAW/GSM4403183_iB6399-BA7_AD_27-4_S7_completeCounts.txt","GSM4403183","iB6399-BA7","AD","27-4","S7"
"GSM4403185_iB6399-BA7_AD_30-3.2_S10_completeCounts.txt","F:/R_project/data/GSE146639_RAW/GSM4403185_iB6399-BA7_AD_30-3.2_S10_completeCounts.txt","GSM4403185","iB6399-BA7","AD","30-3.2","S10"
"GSM4403186_iB6408-BA7_CTR_37-4_S10_completeCounts.txt","F:/R_project/data/GSE146639_RAW/GSM4403186_iB6408-BA7_CTR_37-4_S10_completeCounts.txt","GSM4403186","iB6408-BA7","CTR","37-4","S10"
"GSM4403187_iB6399-BA7_AD_30-1_S7_completeCounts.txt","F:/R_project/data/GSE146639_RAW/GSM4403187_iB6399-BA7_AD_30-1_S7_completeCounts.txt","GSM4403187","iB6399-BA7","AD","30-1","S7"
"GSM4403188_2018-112_CTR_42-2_S2_completeCounts.txt","F:/R_project/data/GSE146639_RAW/GSM4403188_2018-112_CTR_42-2_S2_completeCounts.txt","GSM4403188","2018-112","CTR","42-2","S2"
"GSM4403189_2018-105_CTR_39-3_S3_completeCounts.txt","F:/R_project/data/GSE146639_RAW/GSM4403189_2018-105_CTR_39-3_S3_completeCounts.txt","GSM4403189","2018-105","CTR","39-3","S3"
"GSM4403190_2018-090_CTR_29-4_S6_completeCounts.txt","F:/R_project/data/GSE146639_RAW/GSM4403190_2018-090_CTR_29-4_S6_completeCounts.txt","GSM4403190","2018-090","CTR","29-4","S6"
"GSM4403191_2018-112_CTR_43-3_S5_completeCounts.txt","F:/R_project/data/GSE146639_RAW/GSM4403191_2018-112_CTR_43-3_S5_completeCounts.txt","GSM4403191","2018-112","CTR","43-3","S5"
"GSM4403192_2018-105_CTR_41-3_S9_completeCounts.txt","F:/R_project/data/GSE146639_RAW/GSM4403192_2018-105_CTR_41-3_S9_completeCounts.txt","GSM4403192","2018-105","CTR","41-3","S9"
"GSM4403193_2018-090_CTR_32-2_S8_completeCounts.txt","F:/R_project/data/GSE146639_RAW/GSM4403193_2018-090_CTR_32-2_S8_completeCounts.txt","GSM4403193","2018-090","CTR","32-2","S8"
"GSM4403194_iB6408-BA7_CTR_33-1_S1_completeCounts.txt","F:/R_project/data/GSE146639_RAW/GSM4403194_iB6408-BA7_CTR_33-1_S1_completeCounts.txt","GSM4403194","iB6408-BA7","CTR","33-1","S1"
"GSM4403196_2018-105_CTR_39-1_S1_completeCounts.txt","F:/R_project/data/GSE146639_RAW/GSM4403196_2018-105_CTR_39-1_S1_completeCounts.txt","GSM4403196","2018-105","CTR","39-1","S1"
"GSM4403197_2018-120_CTR_45-2_S2_completeCounts.txt","F:/R_project/data/GSE146639_RAW/GSM4403197_2018-120_CTR_45-2_S2_completeCounts.txt","GSM4403197","2018-120","CTR","45-2","S2"
"GSM4403198_2018-112_CTR_42-3_S3_completeCounts.txt","F:/R_project/data/GSE146639_RAW/GSM4403198_2018-112_CTR_42-3_S3_completeCounts.txt","GSM4403198","2018-112","CTR","42-3","S3"
"GSM4403199_iB6399-BA7_AD_27-1_S4_completeCounts.txt","F:/R_project/data/GSE146639_RAW/GSM4403199_iB6399-BA7_AD_27-1_S4_completeCounts.txt","GSM4403199","iB6399-BA7","AD","27-1","S4"
"GSM4403200_iB6399-BA7_AD_27-2.2_S5_completeCounts.txt","F:/R_project/data/GSE146639_RAW/GSM4403200_iB6399-BA7_AD_27-2.2_S5_completeCounts.txt","GSM4403200","iB6399-BA7","AD","27-2.2","S5"
"GSM4403201_2018-090_CTR_29-3_S6_completeCounts.txt","F:/R_project/data/GSE146639_RAW/GSM4403201_2018-090_CTR_29-3_S6_completeCounts.txt","GSM4403201","2018-090","CTR","29-3","S6"
"GSM4403202_iB6408-BA7_CTR_35-4_S7_completeCounts.txt","F:/R_project/data/GSE146639_RAW/GSM4403202_iB6408-BA7_CTR_35-4_S7_completeCounts.txt","GSM4403202","iB6408-BA7","CTR","35-4","S7"
"GSM4403203_2018-090_CTR_32-1_S8_completeCounts.txt","F:/R_project/data/GSE146639_RAW/GSM4403203_2018-090_CTR_32-1_S8_completeCounts.txt","GSM4403203","2018-090","CTR","32-1","S8"
"GSM4403204_iB6399-BA7_AD_30-3.3_S9_completeCounts.txt","F:/R_project/data/GSE146639_RAW/GSM4403204_iB6399-BA7_AD_30-3.3_S9_completeCounts.txt","GSM4403204","iB6399-BA7","AD","30-3.3","S9"
"GSM4403205_2018-090_CTR_32-4_S10_completeCounts.txt","F:/R_project/data/GSE146639_RAW/GSM4403205_2018-090_CTR_32-4_S10_completeCounts.txt","GSM4403205","2018-090","CTR","32-4","S10"
"GSM4403206_2018-064_CTR_15-2.2_S9_completeCounts.txt","F:/R_project/data/GSE146639_RAW/GSM4403206_2018-064_CTR_15-2.2_S9_completeCounts.txt","GSM4403206","2018-064","CTR","15-2.2","S9"
"GSM4403207_2018-021_CTR_5-4.2_S4_completeCounts.txt","F:/R_project/data/GSE146639_RAW/GSM4403207_2018-021_CTR_5-4.2_S4_completeCounts.txt","GSM4403207","2018-021","CTR","5-4.2","S4"
"GSM4403208_iB6408-BA7_CTR_37-3_S10_completeCounts.txt","F:/R_project/data/GSE146639_RAW/GSM4403208_iB6408-BA7_CTR_37-3_S10_completeCounts.txt","GSM4403208","iB6408-BA7","CTR","37-3","S10"
"GSM4403209_2018-135_AD_48-3_S3_completeCounts.txt","F:/R_project/data/GSE146639_RAW/GSM4403209_2018-135_AD_48-3_S3_completeCounts.txt","GSM4403209","2018-135","AD","48-3","S3"
"GSM4403210_2018-112_CTR_43-4_S7_completeCounts.txt","F:/R_project/data/GSE146639_RAW/GSM4403210_2018-112_CTR_43-4_S7_completeCounts.txt","GSM4403210","2018-112","CTR","43-4","S7"
"GSM4403211_2018-090_CTR_29-1_S5_completeCounts.txt","F:/R_project/data/GSE146639_RAW/GSM4403211_2018-090_CTR_29-1_S5_completeCounts.txt","GSM4403211","2018-090","CTR","29-1","S5"
"GSM4403212_2018-135_AD_49-2_S6_completeCounts.txt","F:/R_project/data/GSE146639_RAW/GSM4403212_2018-135_AD_49-2_S6_completeCounts.txt","GSM4403212","2018-135","AD","49-2","S6"
"GSM4403213_2018-112_CTR_42-1_S1_completeCounts.txt","F:/R_project/data/GSE146639_RAW/GSM4403213_2018-112_CTR_42-1_S1_completeCounts.txt","GSM4403213","2018-112","CTR","42-1","S1"
"GSM4403214_iB6408-BA7_CTR_33-2_S2_completeCounts.txt","F:/R_project/data/GSE146639_RAW/GSM4403214_iB6408-BA7_CTR_33-2_S2_completeCounts.txt","GSM4403214","iB6408-BA7","CTR","33-2","S2"
"GSM4403215_2018-112_CTR_44-1.2_S8_completeCounts.txt","F:/R_project/data/GSE146639_RAW/GSM4403215_2018-112_CTR_44-1.2_S8_completeCounts.txt","GSM4403215","2018-112","CTR","44-1.2","S8"
"GSM4403216_2018-120_CTR_45-4_S4_completeCounts.txt","F:/R_project/data/GSE146639_RAW/GSM4403216_2018-120_CTR_45-4_S4_completeCounts.txt","GSM4403216","2018-120","CTR","45-4","S4"
"GSM4403217_2018-135_AD_48-1_S1_completeCounts.txt","F:/R_project/data/GSE146639_RAW/GSM4403217_2018-135_AD_48-1_S1_completeCounts.txt","GSM4403217","2018-135","AD","48-1","S1"
"GSM4403219_2019-010_AD_53-1_S5_completeCounts.txt","F:/R_project/data/GSE146639_RAW/GSM4403219_2019-010_AD_53-1_S5_completeCounts.txt","GSM4403219","2019-010","AD","53-1","S5"
"GSM4403220_2018-112_CTR_43-2_S6_completeCounts.txt","F:/R_project/data/GSE146639_RAW/GSM4403220_2018-112_CTR_43-2_S6_completeCounts.txt","GSM4403220","2018-112","CTR","43-2","S6"
"GSM4403221_2018-120_CTR_46-4_S8_completeCounts.txt","F:/R_project/data/GSE146639_RAW/GSM4403221_2018-120_CTR_46-4_S8_completeCounts.txt","GSM4403221","2018-120","CTR","46-4","S8"
"GSM4403222_2018-135_AD_50-1_S9_completeCounts.txt","F:/R_project/data/GSE146639_RAW/GSM4403222_2018-135_AD_50-1_S9_completeCounts.txt","GSM4403222","2018-135","AD","50-1","S9"
"GSM4403223_2018-135_AD_51-3_S3_completeCounts.txt","F:/R_project/data/GSE146639_RAW/GSM4403223_2018-135_AD_51-3_S3_completeCounts.txt","GSM4403223","2018-135","AD","51-3","S3"
"GSM4403224_2019-010_AD_52-2_S2_completeCounts.txt","F:/R_project/data/GSE146639_RAW/GSM4403224_2019-010_AD_52-2_S2_completeCounts.txt","GSM4403224","2019-010","AD","52-2","S2"
"GSM4403225_2019-010_AD_54-2_S10_completeCounts.txt","F:/R_project/data/GSE146639_RAW/GSM4403225_2019-010_AD_54-2_S10_completeCounts.txt","GSM4403225","2019-010","AD","54-2","S10"
"GSM4403226_2018-120_CTR_45-3_S3_completeCounts.txt","F:/R_project/data/GSE146639_RAW/GSM4403226_2018-120_CTR_45-3_S3_completeCounts.txt","GSM4403226","2018-120","CTR","45-3","S3"
"GSM4403227_2018-135_AD_48-4_S4_completeCounts.txt","F:/R_project/data/GSE146639_RAW/GSM4403227_2018-135_AD_48-4_S4_completeCounts.txt","GSM4403227","2018-135","AD","48-4","S4"
"GSM4403228_2019-010_AD_52-1_S1_completeCounts.txt","F:/R_project/data/GSE146639_RAW/GSM4403228_2019-010_AD_52-1_S1_completeCounts.txt","GSM4403228","2019-010","AD","52-1","S1"
"GSM4403229_2018-090_CTR_32-3_S10_completeCounts.txt","F:/R_project/data/GSE146639_RAW/GSM4403229_2018-090_CTR_32-3_S10_completeCounts.txt","GSM4403229","2018-090","CTR","32-3","S10"
"GSM4403230_iB6399-BA7_AD_27-3.2_S7_completeCounts.txt","F:/R_project/data/GSE146639_RAW/GSM4403230_iB6399-BA7_AD_27-3.2_S7_completeCounts.txt","GSM4403230","iB6399-BA7","AD","27-3.2","S7"
"GSM4403231_2018-135_AD_51-2_S2_completeCounts.txt","F:/R_project/data/GSE146639_RAW/GSM4403231_2018-135_AD_51-2_S2_completeCounts.txt","GSM4403231","2018-135","AD","51-2","S2"
"GSM4403232_2019-010_AD_53-4_S8_completeCounts.txt","F:/R_project/data/GSE146639_RAW/GSM4403232_2019-010_AD_53-4_S8_completeCounts.txt","GSM4403232","2019-010","AD","53-4","S8"
"GSM4403233_2018-120_CTR_47-2_S9_completeCounts.txt","F:/R_project/data/GSE146639_RAW/GSM4403233_2018-120_CTR_47-2_S9_completeCounts.txt","GSM4403233","2018-120","CTR","47-2","S9"
"GSM4403234_2018-105_CTR_40-2_S6_completeCounts.txt","F:/R_project/data/GSE146639_RAW/GSM4403234_2018-105_CTR_40-2_S6_completeCounts.txt","GSM4403234","2018-105","CTR","40-2","S6"
"GSM4403235_2018-112_CTR_43-1.2_S5_completeCounts.txt","F:/R_project/data/GSE146639_RAW/GSM4403235_2018-112_CTR_43-1.2_S5_completeCounts.txt","GSM4403235","2018-112","CTR","43-1.2","S5"
"GSM4403236_2019-030_AD_56-4_S7_completeCounts.txt","F:/R_project/data/GSE146639_RAW/GSM4403236_2019-030_AD_56-4_S7_completeCounts.txt","GSM4403236","2019-030","AD","56-4","S7"
"GSM4403237_2018-135_AD_48-2_S2_completeCounts.txt","F:/R_project/data/GSE146639_RAW/GSM4403237_2018-135_AD_48-2_S2_completeCounts.txt","GSM4403237","2018-135","AD","48-2","S2"
"GSM4403238_2019-030_AD_57-4_S10_completeCounts.txt","F:/R_project/data/GSE146639_RAW/GSM4403238_2019-030_AD_57-4_S10_completeCounts.txt","GSM4403238","2019-030","AD","57-4","S10"
"GSM4403239_2019-010_AD_54-1_S8_completeCounts.txt","F:/R_project/data/GSE146639_RAW/GSM4403239_2019-010_AD_54-1_S8_completeCounts.txt","GSM4403239","2019-010","AD","54-1","S8"
"GSM4403240_2019-032_AD_60-3_S9_completeCounts.txt","F:/R_project/data/GSE146639_RAW/GSM4403240_2019-032_AD_60-3_S9_completeCounts.txt","GSM4403240","2019-032","AD","60-3","S9"
"GSM4403241_2019-032_AD_59-1_S4_completeCounts.txt","F:/R_project/data/GSE146639_RAW/GSM4403241_2019-032_AD_59-1_S4_completeCounts.txt","GSM4403241","2019-032","AD","59-1","S4"
"GSM4403242_2019-010_AD_52-4_S3_completeCounts.txt","F:/R_project/data/GSE146639_RAW/GSM4403242_2019-010_AD_52-4_S3_completeCounts.txt","GSM4403242","2019-010","AD","52-4","S3"
"GSM4403243_2018-120_CTR_46-2_S5_completeCounts.txt","F:/R_project/data/GSE146639_RAW/GSM4403243_2018-120_CTR_46-2_S5_completeCounts.txt","GSM4403243","2018-120","CTR","46-2","S5"
"GSM4403244_2018-120_CTR_45-1_S1_completeCounts.txt","F:/R_project/data/GSE146639_RAW/GSM4403244_2018-120_CTR_45-1_S1_completeCounts.txt","GSM4403244","2018-120","CTR","45-1","S1"
"GSM4403245_2018-135_AD_49-3_S6_completeCounts.txt","F:/R_project/data/GSE146639_RAW/GSM4403245_2018-135_AD_49-3_S6_completeCounts.txt","GSM4403245","2018-135","AD","49-3","S6"
"GSM4403246_2019-032_AD_58-2_S2_completeCounts.txt","F:/R_project/data/GSE146639_RAW/GSM4403246_2019-032_AD_58-2_S2_completeCounts.txt","GSM4403246","2019-032","AD","58-2","S2"
"GSM4403247_2018-135_AD_50-3_S9_completeCounts.txt","F:/R_project/data/GSE146639_RAW/GSM4403247_2018-135_AD_50-3_S9_completeCounts.txt","GSM4403247","2018-135","AD","50-3","S9"
"GSM4403248_2019-030_AD_55-1_S1_completeCounts.txt","F:/R_project/data/GSE146639_RAW/GSM4403248_2019-030_AD_55-1_S1_completeCounts.txt","GSM4403248","2019-030","AD","55-1","S1"
"GSM4403249_2019-010_AD_53-3_S6_completeCounts.txt","F:/R_project/data/GSE146639_RAW/GSM4403249_2019-010_AD_53-3_S6_completeCounts.txt","GSM4403249","2019-010","AD","53-3","S6"
"GSM4403250_2019-032_AD_60-2_S8_completeCounts.txt","F:/R_project/data/GSE146639_RAW/GSM4403250_2019-032_AD_60-2_S8_completeCounts.txt","GSM4403250","2019-032","AD","60-2","S8"
"GSM4403251_2019-010_AD_52-3_S3_completeCounts.txt","F:/R_project/data/GSE146639_RAW/GSM4403251_2019-010_AD_52-3_S3_completeCounts.txt","GSM4403251","2019-010","AD","52-3","S3"
"GSM4403252_2018-135_AD_51-4_S4_completeCounts.txt","F:/R_project/data/GSE146639_RAW/GSM4403252_2018-135_AD_51-4_S4_completeCounts.txt","GSM4403252","2018-135","AD","51-4","S4"
"GSM4403253_2019-030_AD_57-1_S7_completeCounts.txt","F:/R_project/data/GSE146639_RAW/GSM4403253_2019-030_AD_57-1_S7_completeCounts.txt","GSM4403253","2019-030","AD","57-1","S7"
"GSM4403254_2018-120_CTR_46-1_S5_completeCounts.txt","F:/R_project/data/GSE146639_RAW/GSM4403254_2018-120_CTR_46-1_S5_completeCounts.txt","GSM4403254","2018-120","CTR","46-1","S5"
"GSM4403255_2018-120_CTR_47-4_S10_completeCounts.txt","F:/R_project/data/GSE146639_RAW/GSM4403255_2018-120_CTR_47-4_S10_completeCounts.txt","GSM4403255","2018-120","CTR","47-4","S10"
"GSM4403256_2019-010_AD_53-2_S5_completeCounts.txt","F:/R_project/data/GSE146639_RAW/GSM4403256_2019-010_AD_53-2_S5_completeCounts.txt","GSM4403256","2019-010","AD","53-2","S5"
"GSM4403257_2019-032_AD_58-4_S3_completeCounts.txt","F:/R_project/data/GSE146639_RAW/GSM4403257_2019-032_AD_58-4_S3_completeCounts.txt","GSM4403257","2019-032","AD","58-4","S3"
"GSM4403258_2019-032_AD_58-1_S1_completeCounts.txt","F:/R_project/data/GSE146639_RAW/GSM4403258_2019-032_AD_58-1_S1_completeCounts.txt","GSM4403258","2019-032","AD","58-1","S1"
"GSM4403259_2019-032_AD_59-4_S7_completeCounts.txt","F:/R_project/data/GSE146639_RAW/GSM4403259_2019-032_AD_59-4_S7_completeCounts.txt","GSM4403259","2019-032","AD","59-4","S7"
"GSM4403260_2018-120_CTR_46-3_S6_completeCounts.txt","F:/R_project/data/GSE146639_RAW/GSM4403260_2018-120_CTR_46-3_S6_completeCounts.txt","GSM4403260","2018-120","CTR","46-3","S6"
"GSM4403261_2018-135_AD_49-1_S4_completeCounts.txt","F:/R_project/data/GSE146639_RAW/GSM4403261_2018-135_AD_49-1_S4_completeCounts.txt","GSM4403261","2018-135","AD","49-1","S4"
"GSM4403262_2019-030_AD_57-3_S9_completeCounts.txt","F:/R_project/data/GSE146639_RAW/GSM4403262_2019-030_AD_57-3_S9_completeCounts.txt","GSM4403262","2019-030","AD","57-3","S9"
"GSM4403263_2019-032_AD_60-4_S10_completeCounts.txt","F:/R_project/data/GSE146639_RAW/GSM4403263_2019-032_AD_60-4_S10_completeCounts.txt","GSM4403263","2019-032","AD","60-4","S10"
"GSM4403264_2018-135_AD_50-2_S8_completeCounts.txt","F:/R_project/data/GSE146639_RAW/GSM4403264_2018-135_AD_50-2_S8_completeCounts.txt","GSM4403264","2018-135","AD","50-2","S8"
"GSM4403265_2019-030_AD_55-3_S2_completeCounts.txt","F:/R_project/data/GSE146639_RAW/GSM4403265_2019-030_AD_55-3_S2_completeCounts.txt","GSM4403265","2019-030","AD","55-3","S2"
"GSM4403266_2019-030_AD_56-2_S9_completeCounts.txt","F:/R_project/data/GSE146639_RAW/GSM4403266_2019-030_AD_56-2_S9_completeCounts.txt","GSM4403266","2019-030","AD","56-2","S9"
"GSM4403267_2019-032_AD_59-3_S8_completeCounts.txt","F:/R_project/data/GSE146639_RAW/GSM4403267_2019-032_AD_59-3_S8_completeCounts.txt","GSM4403267","2019-032","AD","59-3","S8"
"GSM4403268_2018-120_CTR_47-3_S7_completeCounts.txt","F:/R_project/data/GSE146639_RAW/GSM4403268_2018-120_CTR_47-3_S7_completeCounts.txt","GSM4403268","2018-120","CTR","47-3","S7"
"GSM4403269_2019-010_AD_54-4_S6_completeCounts.txt","F:/R_project/data/GSE146639_RAW/GSM4403269_2019-010_AD_54-4_S6_completeCounts.txt","GSM4403269","2019-010","AD","54-4","S6"
"GSM4403270_2018-135_AD_49-4_S5_completeCounts.txt","F:/R_project/data/GSE146639_RAW/GSM4403270_2018-135_AD_49-4_S5_completeCounts.txt","GSM4403270","2018-135","AD","49-4","S5"
"GSM4403271_2018-135_AD_51-1_S4_completeCounts.txt","F:/R_project/data/GSE146639_RAW/GSM4403271_2018-135_AD_51-1_S4_completeCounts.txt","GSM4403271","2018-135","AD","51-1","S4"
"GSM4403272_2019-030_AD_55-2_S3_completeCounts.txt","F:/R_project/data/GSE146639_RAW/GSM4403272_2019-030_AD_55-2_S3_completeCounts.txt","GSM4403272","2019-030","AD","55-2","S3"
"GSM4403273_2019-030_AD_57-2_S2_completeCounts.txt","F:/R_project/data/GSE146639_RAW/GSM4403273_2019-030_AD_57-2_S2_completeCounts.txt","GSM4403273","2019-030","AD","57-2","S2"
"GSM4403274_2019-032_AD_58-3_S1_completeCounts.txt","F:/R_project/data/GSE146639_RAW/GSM4403274_2019-032_AD_58-3_S1_completeCounts.txt","GSM4403274","2019-032","AD","58-3","S1"
"GSM4403275_2019-042_CTR_61-1_S1_completeCounts.txt","F:/R_project/data/GSE146639_RAW/GSM4403275_2019-042_CTR_61-1_S1_completeCounts.txt","GSM4403275","2019-042","CTR","61-1","S1"
"GSM4403276_2019-030_AD_55-4_S2_completeCounts.txt","F:/R_project/data/GSE146639_RAW/GSM4403276_2019-030_AD_55-4_S2_completeCounts.txt","GSM4403276","2019-030","AD","55-4","S2"
"GSM4403277_2019-042_CTR_62-1_S3_completeCounts.txt","F:/R_project/data/GSE146639_RAW/GSM4403277_2019-042_CTR_62-1_S3_completeCounts.txt","GSM4403277","2019-042","CTR","62-1","S3"
"GSM4403278_2019-032_AD_59-2_S4_completeCounts.txt","F:/R_project/data/GSE146639_RAW/GSM4403278_2019-032_AD_59-2_S4_completeCounts.txt","GSM4403278","2019-032","AD","59-2","S4"
"GSM4403279_2019-030_AD_56-3_S5_completeCounts.txt","F:/R_project/data/GSE146639_RAW/GSM4403279_2019-030_AD_56-3_S5_completeCounts.txt","GSM4403279","2019-030","AD","56-3","S5"
"GSM4403280_2019-042_CTR_62-4_S6_completeCounts.txt","F:/R_project/data/GSE146639_RAW/GSM4403280_2019-042_CTR_62-4_S6_completeCounts.txt","GSM4403280","2019-042","CTR","62-4","S6"
"GSM4403281_2019-032_AD_60-1_S7_completeCounts.txt","F:/R_project/data/GSE146639_RAW/GSM4403281_2019-032_AD_60-1_S7_completeCounts.txt","GSM4403281","2019-032","AD","60-1","S7"
"GSM4403282_2019-042_CTR_63-2_S8_completeCounts.txt","F:/R_project/data/GSE146639_RAW/GSM4403282_2019-042_CTR_63-2_S8_completeCounts.txt","GSM4403282","2019-042","CTR","63-2","S8"
"GSM4403283_2019-010_AD_54-3_S9_completeCounts.txt","F:/R_project/data/GSE146639_RAW/GSM4403283_2019-010_AD_54-3_S9_completeCounts.txt","GSM4403283","2019-010","AD","54-3","S9"
"GSM4403284_2018-135_AD_50-4_S10_completeCounts.txt","F:/R_project/data/GSE146639_RAW/GSM4403284_2018-135_AD_50-4_S10_completeCounts.txt","GSM4403284","2018-135","AD","50-4","S10"
"GSM4403287_BE_RNAseq_Pool_I_001_S4_sorted.bam.featureCounts.genes.txt","F:/R_project/data/GSE146639_RAW/GSM4403287_BE_RNAseq_Pool_I_001_S4_sorted.bam.featureCounts.genes.txt","GSM4403287","BE","RNAseq","Pool","I"
"GSM4403288_BE_RNAseq_Pool_I_002_S5_sorted.bam.featureCounts.genes.txt","F:/R_project/data/GSE146639_RAW/GSM4403288_BE_RNAseq_Pool_I_002_S5_sorted.bam.featureCounts.genes.txt","GSM4403288","BE","RNAseq","Pool","I"
"GSM4403289_BE_RNAseq_Pool_I_003_S6_sorted.bam.featureCounts.genes.txt","F:/R_project/data/GSE146639_RAW/GSM4403289_BE_RNAseq_Pool_I_003_S6_sorted.bam.featureCounts.genes.txt","GSM4403289","BE","RNAseq","Pool","I"
"GSM4403290_BE_RNAseq_Pool_I_004_S7_sorted.bam.featureCounts.genes.txt","F:/R_project/data/GSE146639_RAW/GSM4403290_BE_RNAseq_Pool_I_004_S7_sorted.bam.featureCounts.genes.txt","GSM4403290","BE","RNAseq","Pool","I"
"GSM4403291_BE_RNAseq_Pool_I_005_S8_sorted.bam.featureCounts.genes.txt","F:/R_project/data/GSE146639_RAW/GSM4403291_BE_RNAseq_Pool_I_005_S8_sorted.bam.featureCounts.genes.txt","GSM4403291","BE","RNAseq","Pool","I"
"GSM4403292_BE_RNAseq_Pool_I_006_S9_sorted.bam.featureCounts.genes.txt","F:/R_project/data/GSE146639_RAW/GSM4403292_BE_RNAseq_Pool_I_006_S9_sorted.bam.featureCounts.genes.txt","GSM4403292","BE","RNAseq","Pool","I"
"GSM4403294_BE_RNAseq_Pool_I_008_S11_sorted.bam.featureCounts.genes.txt","F:/R_project/data/GSE146639_RAW/GSM4403294_BE_RNAseq_Pool_I_008_S11_sorted.bam.featureCounts.genes.txt","GSM4403294","BE","RNAseq","Pool","I"
"GSM4403295_BE_RNAseq_Pool_I_009_S12_sorted.bam.featureCounts.genes.txt","F:/R_project/data/GSE146639_RAW/GSM4403295_BE_RNAseq_Pool_I_009_S12_sorted.bam.featureCounts.genes.txt","GSM4403295","BE","RNAseq","Pool","I"
"GSM4403296_BE_RNAseq_Pool_I_010_S3_sorted.bam.featureCounts.genes.txt","F:/R_project/data/GSE146639_RAW/GSM4403296_BE_RNAseq_Pool_I_010_S3_sorted.bam.featureCounts.genes.txt","GSM4403296","BE","RNAseq","Pool","I"
"GSM4403297_BE_RNAseq_Pool_I_011_S2_sorted.bam.featureCounts.genes.txt","F:/R_project/data/GSE146639_RAW/GSM4403297_BE_RNAseq_Pool_I_011_S2_sorted.bam.featureCounts.genes.txt","GSM4403297","BE","RNAseq","Pool","I"
"GSM4403298_BE_RNAseq_Pool_I_012_S1_sorted.bam.featureCounts.genes.txt","F:/R_project/data/GSE146639_RAW/GSM4403298_BE_RNAseq_Pool_I_012_S1_sorted.bam.featureCounts.genes.txt","GSM4403298","BE","RNAseq","Pool","I"
"GSM4403299_BE_RNAseq_Pool_I_013_S13_sorted.bam.featureCounts.genes.txt","F:/R_project/data/GSE146639_RAW/GSM4403299_BE_RNAseq_Pool_I_013_S13_sorted.bam.featureCounts.genes.txt","GSM4403299","BE","RNAseq","Pool","I"
"GSM4403300_BE_RNAseq_Pool_II_001_S1_sorted.bam.featureCounts.genes.txt","F:/R_project/data/GSE146639_RAW/GSM4403300_BE_RNAseq_Pool_II_001_S1_sorted.bam.featureCounts.genes.txt","GSM4403300","BE","RNAseq","Pool","II"
"GSM4403301_BE_RNAseq_Pool_II_002_S2_sorted.bam.featureCounts.genes.txt","F:/R_project/data/GSE146639_RAW/GSM4403301_BE_RNAseq_Pool_II_002_S2_sorted.bam.featureCounts.genes.txt","GSM4403301","BE","RNAseq","Pool","II"
"GSM4403302_BE_RNAseq_Pool_II_004_S4_sorted.bam.featureCounts.genes.txt","F:/R_project/data/GSE146639_RAW/GSM4403302_BE_RNAseq_Pool_II_004_S4_sorted.bam.featureCounts.genes.txt","GSM4403302","BE","RNAseq","Pool","II"
"GSM4403304_BE_RNAseq_Pool_II_006_S6_sorted.bam.featureCounts.genes.txt","F:/R_project/data/GSE146639_RAW/GSM4403304_BE_RNAseq_Pool_II_006_S6_sorted.bam.featureCounts.genes.txt","GSM4403304","BE","RNAseq","Pool","II"
"GSM4403307_BE_RNAseq_Pool_II_009_S9_sorted.bam.featureCounts.genes.txt","F:/R_project/data/GSE146639_RAW/GSM4403307_BE_RNAseq_Pool_II_009_S9_sorted.bam.featureCounts.genes.txt","GSM4403307","BE","RNAseq","Pool","II"
"GSM4403308_BE_RNAseq_Pool_II_010_S10_sorted.bam.featureCounts.genes.txt","F:/R_project/data/GSE146639_RAW/GSM4403308_BE_RNAseq_Pool_II_010_S10_sorted.bam.featureCounts.genes.txt","GSM4403308","BE","RNAseq","Pool","II"
"GSM4403309_BE_RNAseq_Pool_II_011_S11_sorted.bam.featureCounts.genes.txt","F:/R_project/data/GSE146639_RAW/GSM4403309_BE_RNAseq_Pool_II_011_S11_sorted.bam.featureCounts.genes.txt","GSM4403309","BE","RNAseq","Pool","II"
"GSM4403310_BE_RNAseq_Pool_II_012_S12_sorted.bam.featureCounts.genes.txt","F:/R_project/data/GSE146639_RAW/GSM4403310_BE_RNAseq_Pool_II_012_S12_sorted.bam.featureCounts.genes.txt","GSM4403310","BE","RNAseq","Pool","II"
"GSM4403311_BE_RNAseq_Pool_II_013_S13_sorted.bam.featureCounts.genes.txt","F:/R_project/data/GSE146639_RAW/GSM4403311_BE_RNAseq_Pool_II_013_S13_sorted.bam.featureCounts.genes.txt","GSM4403311","BE","RNAseq","Pool","II"
"GSM4636679_NextFlex_NB_0319_012_S12_sorted.bam.featureCounts.genes.txt","F:/R_project/data/GSE146639_RAW/GSM4636679_NextFlex_NB_0319_012_S12_sorted.bam.featureCounts.genes.txt","GSM4636679","NextFlex","NB","0319","012"
"GSM4636680_NextFlex_NB_0319_002_S2_sorted.bam.featureCounts.genes.txt","F:/R_project/data/GSE146639_RAW/GSM4636680_NextFlex_NB_0319_002_S2_sorted.bam.featureCounts.genes.txt","GSM4636680","NextFlex","NB","0319","002"
"GSM4636681_NextFlex_NB_0319_003_S3_sorted.bam.featureCounts.genes.txt","F:/R_project/data/GSE146639_RAW/GSM4636681_NextFlex_NB_0319_003_S3_sorted.bam.featureCounts.genes.txt","GSM4636681","NextFlex","NB","0319","003"
"GSM4636682_NextFlex_NB_0319_006_S6_sorted.bam.featureCounts.genes.txt","F:/R_project/data/GSE146639_RAW/GSM4636682_NextFlex_NB_0319_006_S6_sorted.bam.featureCounts.genes.txt","GSM4636682","NextFlex","NB","0319","006"
